Station,Model,ModelSiteID
9,AREMP,
36,AREMP,
39,AREMP,
144,AREMP,
151,AREMP,
174,AREMP,
184,AREMP,
185,AREMP,
196,AREMP,
223,AREMP,
224,AREMP,
227,AREMP,
235,AREMP,
237,AREMP,
284,AREMP,
289,AREMP,
309,AREMP,
329,AREMP,
337,AREMP,
377,AREMP,
415,AREMP,
418,AREMP,
429,AREMP,
444,AREMP,
446,AREMP,
447,AREMP,
449,AREMP,
450,AREMP,
482,AREMP,
485,AREMP,
488,AREMP,
493,AREMP,
507,AREMP,
510,AREMP,
513,AREMP,
571,AREMP,
574,AREMP,
602,AREMP,
620,AREMP,
712,AREMP,
734,AREMP,
741,AREMP,
744,AREMP,
759,AREMP,
818,AREMP,
835,AREMP,
1022,AREMP,
1023,AREMP,
1067,AREMP,
1071,AREMP,
1137,AREMP,
1164,AREMP,
3417,AREMP,
3421,AREMP,
3423,AREMP,
3426,AREMP,
3427,AREMP,
3442,AREMP,
3443,AREMP,
3445,AREMP,
3466,AREMP,
3557,AREMP,
3667,AREMP,
3668,AREMP,
3673,AREMP,
3677,AREMP,
3687,AREMP,
3690,AREMP,
3692,AREMP,
3695,AREMP,
3713,AREMP,
3718,AREMP,
3740,AREMP,
3750,AREMP,
3756,AREMP,
3767,AREMP,
3769,AREMP,
3770,AREMP,
3772,AREMP,
3797,AREMP,
3829,AREMP,
3845,AREMP,
3887,AREMP,
3926,AREMP,
3932,AREMP,
3969,AREMP,
3971,AREMP,
4032,AREMP,
4068,AREMP,
4143,AREMP,
4185,AREMP,
4190,AREMP,
4198,AREMP,
4209,AREMP,
4217,AREMP,
4227,AREMP,
4264,AREMP,
4272,AREMP,
4286,AREMP,
4369,AREMP,
4381,AREMP,
4427,AREMP,
4450,AREMP,
4462,AREMP,
4527,AREMP,
4543,AREMP,
4555,AREMP,
4578,AREMP,
4580,AREMP,
4602,AREMP,
4633,AREMP,
4844,AREMP,
4863,AREMP,
4902,AREMP,
4934,AREMP,
4960,AREMP,
4975,AREMP,
5036,AREMP,
5086,AREMP,
5100,AREMP,
5115,AREMP,
5134,AREMP,
5142,AREMP,
5145,AREMP,
5170,AREMP,
5175,AREMP,
5179,AREMP,
5184,AREMP,
5185,AREMP,
5194,AREMP,
5207,AREMP,
5212,AREMP,
5220,AREMP,
5243,AREMP,
5247,AREMP,
5279,AREMP,
5302,AREMP,
5315,AREMP,
5321,AREMP,
5327,AREMP,
5330,AREMP,
5334,AREMP,
5340,AREMP,
5347,AREMP,
5349,AREMP,
5371,AREMP,
5414,AREMP,
5432,AREMP,
5455,AREMP,
EPA01-S216,AREMP,
EPA01-S23,AREMP,
EPA01-S240,AREMP,
EPA01-S30,AREMP,
EPA01-S471,AREMP,
EPA01-S477-1,AREMP,
EPA01-S504-4,AREMP,
PNW-017,AREMP,
PNW-031,AREMP,
PNW-043,AREMP,
PNW-044,AREMP,
PNW-1001,AREMP,
PNW-1002,AREMP,
PNW-211,AREMP,
PNW-224,AREMP,
PNW-229,AREMP,
PNW-245,AREMP,
PNW-247,AREMP,
PNW-249,AREMP,
PNW-434,AREMP,
PNW-458,AREMP,
PNW-463,AREMP,
PNW-466,AREMP,
PNW-482,AREMP,
PNW-491,AREMP,
PNW-503,AREMP,
PNW-505,AREMP,
PNW-507,AREMP,
PNW-775,AREMP,
PNW-802,AREMP,
PNW-805,AREMP,
PNW-807,AREMP,
PNW-951,AREMP,
WWAP04-R021,AREMP,
WWAP04-R043,AREMP,
WWAP04-R058,AREMP,
WWAP04-R059,AREMP,
WWAP99-0529,AREMP,
WWAP99-0534,AREMP,
WWAP99-0566,AREMP,
WWAP99-0611,AREMP,
WWAP99-0622,AREMP,
WWAP99-0630,AREMP,
WWAP99-0633,AREMP,
WWAP99-0642,AREMP,
WWAP99-0676,AREMP,
WWAP99-0682,AREMP,
WWAP99-0701,AREMP,
WWAP99-0736,AREMP,
WWAP99-0770,AREMP,
WWAP99-0780,AREMP,
5258,CO,
5548,CO,
5588,CO,
5771,CO,
5775,CO,
7130,CO,
7133,CO,
7164,CO,
7170,CO,
7226,CO,
7284,CO,
7285,CO,
7385,CO,
7392,CO,
7512,CO,
7560,CO,
7571,CO,
7595,CO,
7630,CO,
7645,CO,
8116,CO,
8337,CO,
8395,CO,
8530,CO,
8715,CO,
9294,CO,
10262,CO,
10350,CO,
10415,CO,
10551,CO,
10558,CO,
10559,CO,
10570,CO,
10666,CO,
10700,CO,
10742,CO,
10805,CO,
10834,CO,
10906,CO,
10917,CO,
10922,CO,
10980,CO,
11206,CO,
11208,CO,
11408,CO,
11462,CO,
11463,CO,
11485,CO,
11535,CO,
12182,CO,
12759,CO,
12771,CO,
12802,CO,
12832,CO,
12880,CO,
12961,CO,
6753400,CO,
10905G,CO,
12183A,CO,
12184A,CO,
12785A,CO,
12799C,CO,
12869B,CO,
5768B,CO,
5772A,CO,
5777A,CO,
5779B,CO,
5971c1,CO,
7120E,CO,
7997a,CO,
7997b,CO,
7999a,CO,
8351a,CO,
9716A,CO,
CO038M,CO,
CO03RS,CO,
CO04RS,CO,
CO051M,CO,
CO067M,CO,
CO070M,CO,
CO072M,CO,
CO113M,CO,
CO116M,CO,
CO122M,CO,
CO125M,CO,
CO133M,CO,
CO142M,CO,
CO151M,CO,
CO153M,CO,
CO155M,CO,
CO162M,CO,
CO174M,CO,
EPA01-168,CO,
EPA01-238,CO,
EPA01-239,CO,
EPA01-240,CO,
EPA01-241,CO,
EPA01-242,CO,
EPA01-246,CO,
EPA01-247,CO,
EPA01-248,CO,
EPA01-249,CO,
EPA01-250,CO,
EPA01-251,CO,
EPA01-252,CO,
EPA01-253,CO,
EPA01-259,CO,
EPA01-260,CO,
EPA01-261,CO,
EPA01-262,CO,
NPlatte,CO,
USFS Avalanche,CO,
USFS Cataract,CO,
USFS Cross 1,CO,
USFS Cross 4,CO,
USFS EFH Upper,CO,
USFS Gore 1,CO,
USFS Meadow,CO,
USFS N Tenmile,CO,
USFS Piney 2,CO,
USFS Ripple,CO,
USFS Snowmass,CO,
USFS West Lake,CO,
USFS-363463,CO,
USFS-376014,CO,
USFSPIKE1,CO,
USFSPIKE4,CO,
WCOP01-0777,CO,
WCOP03-R003,CO,
WCOP03-R009,CO,
WCOP04-R001,CO,
WCOP04-R003,CO,
WCOP04-R007,CO,
WCOP04-R008,CO,
WCOP04-R009,CO,
WCOP99-0502,CO,
WCOP99-0503,CO,
WCOP99-0518,CO,
WCOP99-0563,CO,
WCOP99-0578,CO,
WCOP99-0595,CO,
WCOP99-0633,CO,
WCOP99-0634,CO,
WCOP99-0649,CO,
103FS0405,CSCI,
103WER026,CSCI,
103WER029,CSCI,
105CE0149,CSCI,
105CE0329,CSCI,
105FS0415,CSCI,
105FS0418,CSCI,
105FS0423,CSCI,
105FS0425,CSCI,
105FS0428,CSCI,
105PS0043,CSCI,
105PS0083,CSCI,
105PS0090,CSCI,
105PS0097,CSCI,
105PS0154,CSCI,
105PS0540,CSCI,
105WE0583,CSCI,
105WE0592,CSCI,
105WE0833,CSCI,
105WE1091,CSCI,
105WER052,CSCI,
106CE0521,CSCI,
106FS0040,CSCI,
106PS0115,CSCI,
106PS0124,CSCI,
106PS0166,CSCI,
106WE0505,CSCI,
106WE1055,CSCI,
106WE1066,CSCI,
106WE1079,CSCI,
106WER011,CSCI,
106WER016,CSCI,
107PS0021,CSCI,
107WER092,CSCI,
111BBRBCC,CSCI,
111BGCAER,CSCI,
111CE0569,CSCI,
111FS0001,CSCI,
111FS0007,CSCI,
111FS0008,CSCI,
111FS0158,CSCI,
111HSCAER,CSCI,
111PS0110,CSCI,
111PS0144,CSCI,
111PS0160,CSCI,
111PS0204,CSCI,
111WE0816,CSCI,
111WE0837,CSCI,
111WE0844,CSCI,
111WE1050,CSCI,
111WE1071,CSCI,
111WER008,CSCI,
111WER046,CSCI,
111WER047,CSCI,
111WER159,CSCI,
112WE1063,CSCI,
114DLCURx,CSCI,
114PS0145,CSCI,
114WE0614,CSCI,
114WE0810,CSCI,
115EBAG01,CSCI,
200COYCOI,CSCI,
201LAG335,CSCI,
201MRS020,CSCI,
202BUT040,CSCI,
202BUT050,CSCI,
202PES170,CSCI,
204AHOACR,CSCI,
204CE0116,CSCI,
206BEA035,CSCI,
206CON130,CSCI,
206DRY060,CSCI,
206DRY100,CSCI,
206NOV080,CSCI,
206TUL120,CSCI,
304WADRED,CSCI,
305LGCACR,CSCI,
305SWACRO,CSCI,
305UVASWA,CSCI,
307CARLOS,CSCI,
307SANCLE,CSCI,
308BSU,CSCI,
308SALHY1,CSCI,
308SOBHW1,CSCI,
308WLOxxx,CSCI,
309CAW126,CSCI,
309CAW130,CSCI,
309CAW174,CSCI,
309CAW178,CSCI,
309PS0116,CSCI,
309SARANF,CSCI,
309UASIND,CSCI,
310COOxxx,CSCI,
310LPCBPC,CSCI,
312MANNIR,CSCI,
312PS0099,CSCI,
312WE1028,CSCI,
312WE1035,CSCI,
314WE0677,CSCI,
314WE0779,CSCI,
314WE0796,CSCI,
402BA0095,CSCI,
402BA0287,CSCI,
402S02591,CSCI,
402S04795,CSCI,
402S05407,CSCI,
402WE0536,CSCI,
402WE0803,CSCI,
403BA0015,CSCI,
403BA0171,CSCI,
403BA0960,CSCI,
403S01164,CSCI,
403S01536,CSCI,
403S01979,CSCI,
403STC021,CSCI,
403STC026,CSCI,
403STC029,CSCI,
403STC030,CSCI,
403STC064,CSCI,
403STC065,CSCI,
403STC085,CSCI,
403STC086,CSCI,
403WE0501,CSCI,
403WE0540,CSCI,
403WE0795,CSCI,
403WE1027,CSCI,
405BRCAMS,CSCI,
405S01248,CSCI,
405WER318,CSCI,
504PS0227,CSCI,
504WE0527,CSCI,
505PS0110,CSCI,
505PS0174,CSCI,
506PS0062,CSCI,
508ACNFPW,CSCI,
509ACNFPP,CSCI,
509ACSFPP,CSCI,
509ATCINC,CSCI,
509BSCADC,CSCI,
509CE0162,CSCI,
509FCA054,CSCI,
509PCDTWR,CSCI,
509PS0085,CSCI,
509PS0170,CSCI,
509PS0234,CSCI,
513PS0008,CSCI,
514BMCARC,CSCI,
514ICEUPx,CSCI,
514LNCASC,CSCI,
514SCCAAR,CSCI,
517FCA046,CSCI,
517PS0054,CSCI,
517PS0074,CSCI,
518CE0047,CSCI,
518CE0338,CSCI,
518CPCRCR,CSCI,
518FCA075,CSCI,
518GZCUPX,CSCI,
518KNCAWC,CSCI,
518MCGRRx,CSCI,
518PS0033,CSCI,
518SED086,CSCI,
518WE0521,CSCI,
518YLCAFR,CSCI,
522CE0027,CSCI,
523PS0172,CSCI,
523TMCATG,CSCI,
524ACMFPW,CSCI,
525WE0755,CSCI,
526CE0061,CSCI,
526PS0072,CSCI,
526PS0076,CSCI,
526PS0396,CSCI,
526WER123,CSCI,
532WE0760,CSCI,
532WER222,CSCI,
534MLC108,CSCI,
534RSCAGG,CSCI,
536CE0106,CSCI,
536CE0330,CSCI,
536CLV004,CSCI,
536SED006,CSCI,
536SED108,CSCI,
536WER237,CSCI,
537BLCABG,CSCI,
537CE0238,CSCI,
537FCA009,CSCI,
537WER236,CSCI,
540CE0078,CSCI,
540GNCBTC,CSCI,
540SED003,CSCI,
540SJRUPx,CSCI,
552FCA017,CSCI,
552MFCAKR,CSCI,
552PS0028,CSCI,
552PS0284,CSCI,
553KRMAPC,CSCI,
553KRNAYC,CSCI,
553WER208,CSCI,
553WER225,CSCI,
554CLCALK,CSCI,
554NYCGWD,CSCI,
554PMCABC,CSCI,
554PMCGWD,CSCI,
555PS0064,CSCI,
601LVC002,CSCI,
603DDM001,CSCI,
603DDM004,CSCI,
603DDM005,CSCI,
603DDM006,CSCI,
603FCA145,CSCI,
603GLS001,CSCI,
603OHR001,CSCI,
603PS0008,CSCI,
603PS0045,CSCI,
603PS0056,CSCI,
603PS0073,CSCI,
603PS0109,CSCI,
603WE0758,CSCI,
603WER242,CSCI,
603WER245,CSCI,
603WKR001,CSCI,
604WER244,CSCI,
626PS0171,CSCI,
626PS0619,CSCI,
626PS0827,CSCI,
628CE0088,CSCI,
630BDY001,CSCI,
630BUC001,CSCI,
630FCA097,CSCI,
630PMT001,CSCI,
630PS0005,CSCI,
630RBS002,CSCI,
630RBS004,CSCI,
630SWA001,CSCI,
630SWA002,CSCI,
630WE0860,CSCI,
631CE0074,CSCI,
631COT001,CSCI,
631KIR001,CSCI,
631KIR002,CSCI,
631KIR003,CSCI,
631POR002,CSCI,
631PS0023,CSCI,
631PS0033,CSCI,
631SLK001,CSCI,
631SRD001,CSCI,
631WWF001,CSCI,
631WWK002,CSCI,
631WWK005,CSCI,
631WWK006,CSCI,
632BGV002,CSCI,
632BGV003,CSCI,
632CHV001,CSCI,
632COY001,CSCI,
632COY002,CSCI,
632CRV001,CSCI,
632ECR006,CSCI,
632ECR008,CSCI,
632ELD001,CSCI,
632LEV004,CSCI,
632MUR001,CSCI,
632NOB001,CSCI,
632PS0007,CSCI,
632PS0014,CSCI,
632PS0058,CSCI,
632SND001,CSCI,
632SPT001,CSCI,
632SVK002,CSCI,
632SVR001,CSCI,
632WE0629,CSCI,
632WLF001,CSCI,
633PS0003,CSCI,
633WCR003,CSCI,
633WE0991,CSCI,
634CAS001,CSCI,
634CE0482,CSCI,
634GEN001,CSCI,
634GRF001,CSCI,
634HHCATC,CSCI,
634MEK001,CSCI,
634PS0035,CSCI,
634R10BMW,CSCI,
634R10GNL,CSCI,
634R10UTR,CSCI,
634SAX001,CSCI,
634SAX003,CSCI,
634SAX004,CSCI,
634SAX005,CSCI,
634TRT001,CSCI,
634UTR008,CSCI,
634WRD001,CSCI,
634WSN001,CSCI,
635BRC001,CSCI,
635CLS001,CSCI,
635GRY001,CSCI,
635MAR003,CSCI,
635POL001,CSCI,
635PRN001,CSCI,
635PS0038,CSCI,
635SQN001,CSCI,
636LCY001,CSCI,
636LTR001,CSCI,
636LTR002,CSCI,
636PRZ001,CSCI,
636PS0070,CSCI,
636SAG001,CSCI,
637CE0511,CSCI,
719FCA001,CSCI,
719WE0864,CSCI,
801CCWFAC,CSCI,
801CE0152,CSCI,
801WE0787,CSCI,
801WE1008,CSCI,
801WE1132,CSCI,
802FMCAIP,CSCI,
802WE0658,CSCI,
802WE0794,CSCI,
901CSCADC,CSCI,
901DCCSMC,CSCI,
901S01849,CSCI,
901S02873,CSCI,
901SCCA74,CSCI,
903SLFRCx,CSCI,
903WE0798,CSCI,
905CE0512,CSCI,
905S02561,CSCI,
905WE0679,CSCI,
907S03210,CSCI,
911KCKCRX,CSCI,
911S00858,CSCI,
911S01142,CSCI,
911TJIND2,CSCI,
911TJWIL3,CSCI,
CAT08722-017,CSCI,
CAT08722-024,CSCI,
CAT08722-025,CSCI,
CAT08722-036,CSCI,
CAT08722-039,CSCI,
CAT08722-047,CSCI,
CAT08722-049,CSCI,
CAT08722-054,CSCI,
CAT08722-055,CSCI,
CAT08722-056,CSCI,
CAT08722-228,CSCI,
JonLee6,CSCI,
PC1,CSCI,
PC4,CSCI,
PC5,CSCI,
PC6,CSCI,
PC7,CSCI,
R5BIO-014,CSCI,
R5BIO-015,CSCI,
R5BIO-022,CSCI,
R5BIO-024,CSCI,
R5BIO-027,CSCI,
R5BIO-029,CSCI,
R5BIO-033,CSCI,
R5BIO-035,CSCI,
R5BIO-038,CSCI,
R5BIO-042,CSCI,
R5BIO-047,CSCI,
R5BIO-048,CSCI,
R5BIO-049,CSCI,
R5BIO-053,CSCI,
R5BIO-108,CSCI,
R5BIO-109,CSCI,
R5BIO-111,CSCI,
R5BIO-112,CSCI,
R5BIO-116,CSCI,
R5BIO-117,CSCI,
R5BIO-118,CSCI,
R5BIO-127,CSCI,
R5BIO-131,CSCI,
R5BIO-132,CSCI,
R5BIO-150,CSCI,
R5BIO-155,CSCI,
R5BIO-157,CSCI,
R5BIO-162,CSCI,
R5BIO-201,CSCI,
R5BIO-204,CSCI,
R5BIO-206,CSCI,
R5BIO-212,CSCI,
R5BIO-215,CSCI,
R5BIO-221,CSCI,
R5BIO-225,CSCI,
R5BIO-227,CSCI,
R5BIO-230,CSCI,
R5BIO-231,CSCI,
R5BIO-232,CSCI,
R5BIO-233,CSCI,
R5BIO-240,CSCI,
R5BIO-248,CSCI,
R5BIO-302,CSCI,
R5BIO-304,CSCI,
R5BIO-308,CSCI,
R5BIO-309,CSCI,
R5BIO-311,CSCI,
R5BIO-315,CSCI,
R5BIO-319,CSCI,
R5BIO-320,CSCI,
R5BIO-321,CSCI,
R5BIO-323,CSCI,
R5BIO-326,CSCI,
R5BIO-327,CSCI,
R5BIO-417,CSCI,
R5BIO-430,CSCI,
R5BIO-6484,CSCI,
R5BIO-6498,CSCI,
R5BIO-6514,CSCI,
R5BIO-6516,CSCI,
R5BIO-6528,CSCI,
SA-C-06-035,CSCI,
SEDTMDL_1,CSCI,
SEDTMDL_10,CSCI,
SEDTMDL_103,CSCI,
SEDTMDL_106,CSCI,
SEDTMDL_107,CSCI,
SEDTMDL_108,CSCI,
SEDTMDL_114,CSCI,
SEDTMDL_14,CSCI,
SEDTMDL_16,CSCI,
SEDTMDL_19,CSCI,
SEDTMDL_20,CSCI,
SEDTMDL_21,CSCI,
SEDTMDL_25,CSCI,
SEDTMDL_26,CSCI,
SEDTMDL_27,CSCI,
SEDTMDL_28,CSCI,
SEDTMDL_29,CSCI,
SEDTMDL_3,CSCI,
SEDTMDL_31,CSCI,
SEDTMDL_32,CSCI,
SEDTMDL_33,CSCI,
SEDTMDL_34,CSCI,
SEDTMDL_36,CSCI,
SEDTMDL_38,CSCI,
SEDTMDL_5,CSCI,
SEDTMDL_52,CSCI,
SEDTMDL_54,CSCI,
SEDTMDL_6,CSCI,
SEDTMDL_62,CSCI,
SEDTMDL_77,CSCI,
SEDTMDL_78,CSCI,
SEDTMDL_84,CSCI,
SEDTMDL_86,CSCI,
SEDTMDL_89,CSCI,
SEDTMDL_9,CSCI,
SEDTMDL_91,CSCI,
SGUR003,CSCI,
SGUR00428,CSCI,
SGUR006,CSCI,
SGUR010,CSCI,
SGUR103,CSCI,
SMC00271,CSCI,
SMC00469,CSCI,
SMC00538,CSCI,
SMC00960,CSCI,
SMC01196,CSCI,
SMC01424,CSCI,
SMC01705,CSCI,
SMC01883,CSCI,
SMC03643,CSCI,
SMC04383,CSCI,
SMC05243,CSCI,
SMC06467,CSCI,
SMCR8_057,CSCI,
SMCR8_068,CSCI,
SMCR8_074,CSCI,
SMCR8_080,CSCI,
SMCR8_118,CSCI,
VENTURA13,CSCI,
VENTURA14,CSCI,
1993SBOIA049,NV MMI,
2002STWFV008,NV MMI,
BLK02EFkQuinn-1,NV MMI,
BLK02EFkQuinn-2,NV MMI,
BLK03Anderson-1,NV MMI,
BLK04Cold-1,NV MMI,
BLK04Kings-1,NV MMI,
BLK04Mah-2,NV MMI,
BLK04NFkKings-1,NV MMI,
BLK04WFkLittAlder-1,NV MMI,
CAR01Carson-3,NV MMI,
CAR02EFkCarson-1,NV MMI,
CAR02EFkCarson-2,NV MMI,
CAR04Ash-1,NV MMI,
CEN04Bird-1,NV MMI,
CEN04Chiat-1,NV MMI,
CEN04Chiat-2,NV MMI,
CEN04Clear-1,NV MMI,
CEN04Cottonwd-1,NV MMI,
CEN04Leidy-1,NV MMI,
CEN04Mayhew-1,NV MMI,
CEN04Mosquito-1,NV MMI,
CEN04NFkCleve-1,NV MMI,
CEN04Pine-1,NV MMI,
CEN04Pine-2,NV MMI,
CEN04SFkTwin-2,NV MMI,
CEN04Timber-1a,NV MMI,
CEN04Trail-2,NV MMI,
COL02Meadow-1,NV MMI,
COL02Meadow-2,NV MMI,
EPA01-0161,NV MMI,
EPA01-514,NV MMI,
EPA01-516,NV MMI,
EPA02-001,NV MMI,
EPA02-002,NV MMI,
EPA02-003,NV MMI,
EPA02-004,NV MMI,
EPA02-005,NV MMI,
EPA02-006,NV MMI,
EPA02-008,NV MMI,
EPA02-014,NV MMI,
EPA02-015,NV MMI,
EPA02-017,NV MMI,
EPA02-019,NV MMI,
EPA02-021,NV MMI,
EPA02-023,NV MMI,
EPA02-024,NV MMI,
EPA02-026,NV MMI,
EPA02-027,NV MMI,
EPA02-028,NV MMI,
EPA02-029,NV MMI,
EPA02-030,NV MMI,
EPA02-031,NV MMI,
EPA02-032,NV MMI,
EPA02-033,NV MMI,
EPA02-034,NV MMI,
EPA02-035,NV MMI,
HUM01Humb-5,NV MMI,
HUM01Humb-6,NV MMI,
HUM01Humb-7,NV MMI,
HUM02Marys-3,NV MMI,
HUM02NFkLittleHumb-3,NV MMI,
HUM02Reese-1,NV MMI,
HUM02SFkHumb-1,NV MMI,
HUM02SFkHumb-2,NV MMI,
HUM02Soldier-1,NV MMI,
HUM03BigCotton-1,NV MMI,
HUM03BigSaw-1a,NV MMI,
HUM03Huntington-1a,NV MMI,
HUM03Lye-1,NV MMI,
HUM03Martin-2,NV MMI,
HUM03Stewart-1,NV MMI,
NV196887,NV MMI,
NV315740,NV MMI,
NV84955,NV MMI,
NV87104,NV MMI,
ORSE04-R009,NV MMI,
ORSE04-R010,NV MMI,
ORSE04-R011,NV MMI,
p-FW08-NV004,NV MMI,
p-FW08-NV009,NV MMI,
p-FW08-NV011,NV MMI,
p-FW08-NV019,NV MMI,
p-FW08-NV028,NV MMI,
p-FW08-NV049,NV MMI,
p-NVW04485-001,NV MMI,
p-NVW04485-015,NV MMI,
p-NVW04485-028,NV MMI,
p-NVW04485-031,NV MMI,
p-NVW04485-041,NV MMI,
p-NVW04485-080,NV MMI,
p-NVW04485-084,NV MMI,
p-NVW04485-085,NV MMI,
p-NVW04485-088,NV MMI,
p-NVW04485-094,NV MMI,
p-NVW04485-0943,NV MMI,
p-NVW04485-095,NV MMI,
p-NVW04485-0996,NV MMI,
p-NVW04485-100,NV MMI,
p-NVW04485-1005,NV MMI,
p-NVW04485-1028,NV MMI,
p-NVW04485-1047,NV MMI,
p-NVW04485-1053,NV MMI,
p-NVW04485-1057,NV MMI,
p-NVW04485-172,NV MMI,
p-TAHCAT08722-036,NV MMI,
p-TAHCAT08722-056,NV MMI,
R5BIO-015,NV MMI,
R5BIO-020,NV MMI,
R5BIO-022,NV MMI,
R5BIO-024,NV MMI,
R5BIO-025,NV MMI,
R5BIO-026,NV MMI,
R5BIO-027,NV MMI,
R5BIO-028,NV MMI,
R5BIO-031,NV MMI,
R5BIO-108,NV MMI,
R5BIO-109,NV MMI,
R5BIO-110,NV MMI,
R5BIO-117,NV MMI,
R5BIO-121,NV MMI,
R5BIO-123,NV MMI,
R5BIO-128,NV MMI,
R5BIO-129,NV MMI,
R5BIO-130,NV MMI,
R5BIO-140,NV MMI,
R5BIO-142,NV MMI,
R5BIO-235,NV MMI,
R5BIO-237,NV MMI,
R5BIO-240,NV MMI,
R5BIO-241,NV MMI,
R5BIO-242,NV MMI,
R5BIO-243,NV MMI,
R5BIO-244,NV MMI,
SN01JarbWest-1,NV MMI,
SN03Jack-1,NV MMI,
STBT03Thomas-2,NV MMI,
TAH03GlenBk-1,NV MMI,
TAH03Incline-1,NV MMI,
TAH03Logan-1,NV MMI,
TAH03MarlTrib-1,NV MMI,
TAH03NFkLogan-1,NV MMI,
TRK01Truck-1,NV MMI,
WALK02EFkWalk-2,NV MMI,
WALK02EFkWalk-3,NV MMI,
WALK02EFkWalk-4,NV MMI,
WALK02EFkWalk-5,NV MMI,
WALK02SwWater-1,NV MMI,
WALK02WFkWalk-1,NV MMI,
WALK03Desert-1,NV MMI,
WCAP99-0521,NV MMI,
WCAP99-0758,NV MMI,
WCAP99-0860,NV MMI,
WIDP99-0768,NV MMI,
WNVP99-0514,NV MMI,
WNVP99-0561,NV MMI,
WNVP99-0615,NV MMI,
WNVP99-0668,NV MMI,
WNVP99-0677,NV MMI,
WNVP99-0680,NV MMI,
WORP99-0522,NV MMI,
WUTP02-R013,NV MMI,
WUTP04-R002,NV MMI,
WUTP99-0728,NV MMI,
WUTP99-0732,NV MMI,
00017CSR,OR-MWCF,
00027CSR,OR-MWCF,
00031CSR,OR-MWCF,
00070CSR,OR-MWCF,
00103CSR,OR-MWCF,
01041WSE,OR-MWCF,
01122CSR,OR-MWCF,
02060CSR,OR-MWCF,
02062REF,OR-MWCF,
02063CSR,OR-MWCF,
02064REF,OR-MWCF,
02080REF,OR-MWCF,
02087REF,OR-MWCF,
02089REF,OR-MWCF,
02100REF,OR-MWCF,
02106REF,OR-MWCF,
02130CSR,OR-MWCF,
03010CSR,OR-MWCF,
03045CSR,OR-MWCF,
03064CSR,OR-MWCF,
03082CSR,OR-MWCF,
03093CSR,OR-MWCF,
04065CSR,OR-MWCF,
99016CSR,OR-MWCF,
99017CSR,OR-MWCF,
99018CSR,OR-MWCF,
99021CSR,OR-MWCF,
99034CSR,OR-MWCF,
99039CSR,OR-MWCF,
99050CSR,OR-MWCF,
99058CSR,OR-MWCF,
H108273,OR-MWCF,
H109842,OR-MWCF,
H109884,OR-MWCF,
H111013,OR-MWCF,
H111015,OR-MWCF,
H113026,OR-MWCF,
H113032,OR-MWCF,
1174,OR-WCCP,
1831,OR-WCCP,
1840,OR-WCCP,
1842,OR-WCCP,
2062,OR-WCCP,
2370,OR-WCCP,
1174,OR-NBR,
1831,OR-NBR,
1840,OR-NBR,
1842,OR-NBR,
2062,OR-NBR,
2370,OR-NBR,
00001WSE,OR-WCCP,
00008WSE,OR-WCCP,
00010REM,OR-WCCP,
00011REM,OR-WCCP,
00017REM,OR-WCCP,
00020REM,OR-WCCP,
00021REM,OR-WCCP,
00022REM,OR-WCCP,
00027REM,OR-WCCP,
00028REM,OR-WCCP,
00030REM,OR-WCCP,
00031REM,OR-WCCP,
00036REM,OR-WCCP,
00038CSR,OR-WCCP,
00049CSR,OR-WCCP,
00051CSR,OR-WCCP,
00055CSR,OR-WCCP,
00078REF,OR-WCCP,
00081REF,OR-WCCP,
00084REF,OR-WCCP,
00088REF,OR-WCCP,
00095REF,OR-WCCP,
00098REF,OR-WCCP,
00099REF,OR-WCCP,
00102REF,OR-WCCP,
01011JDE,OR-WCCP,
01018GRD,OR-WCCP,
01021JDE,OR-WCCP,
01031WSE,OR-WCCP,
01059CSR,OR-WCCP,
01070CSR,OR-WCCP,
01106CSR,OR-WCCP,
02018EMAP,OR-WCCP,
02022EMAP,OR-WCCP,
02024EMAP,OR-WCCP,
02032EMAP,OR-WCCP,
02038CSR,OR-WCCP,
02043PC,OR-WCCP,
02065CSR,OR-WCCP,
02068REF,OR-WCCP,
02069CSR,OR-WCCP,
02078REF,OR-WCCP,
02086CSR,OR-WCCP,
02101CSR,OR-WCCP,
02104CSR,OR-WCCP,
02108EMAP,OR-WCCP,
02113EMAP,OR-WCCP,
02117EMAP,OR-WCCP,
02134CSR,OR-WCCP,
02136CSR,OR-WCCP,
03004BPA,OR-WCCP,
03005BPA,OR-WCCP,
03012BPA,OR-WCCP,
03014BPA,OR-WCCP,
03015BPA,OR-WCCP,
03018BPA,OR-WCCP,
03052CSR,OR-WCCP,
03055CSR,OR-WCCP,
03062CSR,OR-WCCP,
03073CSR,OR-WCCP,
03074CSR,OR-WCCP,
03081CSR,OR-WCCP,
03085CSR,OR-WCCP,
03118CSR,OR-WCCP,
03123CSR,OR-WCCP,
04005CSR,OR-WCCP,
04006CSR,OR-WCCP,
04008CSR,OR-WCCP,
04009CSR,OR-WCCP,
04009EMAP,OR-WCCP,
04010CSR,OR-WCCP,
04011CSR,OR-WCCP,
04011EMAP,OR-WCCP,
04028CSR,OR-WCCP,
04032CSR,OR-WCCP,
04034CSR,OR-WCCP,
04036CSR,OR-WCCP,
04039CSR,OR-WCCP,
04042CSR,OR-WCCP,
99005REM,OR-WCCP,
99009REM,OR-WCCP,
99010REM,OR-WCCP,
99014CSR,OR-WCCP,
99015REM,OR-WCCP,
99021REM,OR-WCCP,
99025REM,OR-WCCP,
99026REM,OR-WCCP,
99027REM,OR-WCCP,
99030REM,OR-WCCP,
99035REM,OR-WCCP,
99043CSR,OR-WCCP,
99045CSR,OR-WCCP,
99053GRD,OR-WCCP,
99074CSR,OR-WCCP,
H108294,OR-WCCP,
H108295,OR-WCCP,
H108296,OR-WCCP,
H108302,OR-WCCP,
H108307,OR-WCCP,
H108308,OR-WCCP,
H108309,OR-WCCP,
H108343,OR-WCCP,
H108344,OR-WCCP,
H108345,OR-WCCP,
H108362,OR-WCCP,
H108364,OR-WCCP,
H108369,OR-WCCP,
H109862,OR-WCCP,
H109880,OR-WCCP,
H109908,OR-WCCP,
H111019,OR-WCCP,
H111021,OR-WCCP,
H111048,OR-WCCP,
H111113,OR-WCCP,
H111114,OR-WCCP,
H111137,OR-WCCP,
H111138,OR-WCCP,
H111139,OR-WCCP,
H111140,OR-WCCP,
H111145,OR-WCCP,
H111148,OR-WCCP,
H111149,OR-WCCP,
H111165,OR-WCCP,
H113045,OR-WCCP,
H113047,OR-WCCP,
H113058,OR-WCCP,
H113059,OR-WCCP,
H113100,OR-WCCP,
H113101,OR-WCCP,
H113115,OR-WCCP,
H113117,OR-WCCP,
H113119,OR-WCCP,
H113120,OR-WCCP,
H113121,OR-WCCP,
H113122,OR-WCCP,
H113136,OR-WCCP,
H113795,OR-WCCP,
H114305,OR-WCCP,
H114318,OR-WCCP,
H114323,OR-WCCP,
H117752,OR-WCCP,
H117757,OR-WCCP,
H117766,OR-WCCP,
H117771,OR-WCCP,
H117772,OR-WCCP,
H119599,OR-WCCP,
H119633,OR-WCCP,
H119643,OR-WCCP,
H119645,OR-WCCP,
H119663,OR-WCCP,
H121257,OR-WCCP,
H121258,OR-WCCP,
H121259,OR-WCCP,
H121261,OR-WCCP,
H121271,OR-WCCP,
H121276,OR-WCCP,
H121277,OR-WCCP,
H121279,OR-WCCP,
H121281,OR-WCCP,
H121282,OR-WCCP,
H121284,OR-WCCP,
PIBO:0022,PIBO,
PIBO:0075,PIBO,
PIBO:0089,PIBO,
PIBO:0090,PIBO,
PIBO:0092,PIBO,
PIBO:0102,PIBO,
PIBO:0115,PIBO,
PIBO:0126,PIBO,
PIBO:0136,PIBO,
PIBO:0175,PIBO,
PIBO:0176,PIBO,
PIBO:0177,PIBO,
PIBO:0184,PIBO,
PIBO:0185,PIBO,
PIBO:0187,PIBO,
PIBO:0188,PIBO,
PIBO:0190,PIBO,
PIBO:0191,PIBO,
PIBO:0192,PIBO,
PIBO:0193,PIBO,
PIBO:0194,PIBO,
PIBO:0195,PIBO,
PIBO:0202,PIBO,
PIBO:0210,PIBO,
PIBO:0213,PIBO,
PIBO:0216,PIBO,
PIBO:0229,PIBO,
PIBO:0234,PIBO,
PIBO:0240,PIBO,
PIBO:0253,PIBO,
PIBO:0257,PIBO,
PIBO:0261,PIBO,
PIBO:0266,PIBO,
PIBO:0267,PIBO,
PIBO:0275,PIBO,
PIBO:0276,PIBO,
PIBO:0278,PIBO,
PIBO:0281,PIBO,
PIBO:0285,PIBO,
PIBO:0292,PIBO,
PIBO:0302,PIBO,
PIBO:0303,PIBO,
PIBO:0329,PIBO,
PIBO:0352,PIBO,
PIBO:0360,PIBO,
PIBO:0370,PIBO,
PIBO:0371,PIBO,
PIBO:0375,PIBO,
PIBO:0389,PIBO,
PIBO:0390,PIBO,
PIBO:0395,PIBO,
PIBO:0401,PIBO,
PIBO:0407,PIBO,
PIBO:0409,PIBO,
PIBO:0411,PIBO,
PIBO:0412,PIBO,
PIBO:0413,PIBO,
PIBO:0416,PIBO,
PIBO:0417,PIBO,
PIBO:0419,PIBO,
PIBO:0423,PIBO,
PIBO:0424,PIBO,
PIBO:0425,PIBO,
PIBO:0432,PIBO,
PIBO:0435,PIBO,
PIBO:0437,PIBO,
PIBO:0442,PIBO,
PIBO:0451,PIBO,
PIBO:0452,PIBO,
PIBO:0457,PIBO,
PIBO:0458,PIBO,
PIBO:0620,PIBO,
PIBO:0636,PIBO,
PIBO:0668,PIBO,
PIBO:0669,PIBO,
PIBO:0670,PIBO,
PIBO:0671,PIBO,
PIBO:0673,PIBO,
PIBO:0676,PIBO,
PIBO:0677,PIBO,
PIBO:0678,PIBO,
PIBO:0679,PIBO,
PIBO:0680,PIBO,
PIBO:0682,PIBO,
PIBO:0686,PIBO,
PIBO:0736,PIBO,
PIBO:0737,PIBO,
PIBO:0738,PIBO,
PIBO:0740,PIBO,
PIBO:0741,PIBO,
PIBO:0748,PIBO,
PIBO:0749,PIBO,
PIBO:0753,PIBO,
PIBO:0755,PIBO,
PIBO:0758,PIBO,
PIBO:0763,PIBO,
PIBO:0777,PIBO,
PIBO:0804,PIBO,
PIBO:0856,PIBO,
PIBO:0900,PIBO,
PIBO:0901,PIBO,
PIBO:0932,PIBO,
PIBO:1278,PIBO,
PIBO:1286,PIBO,
PIBO:1288,PIBO,
PIBO:1313,PIBO,
PIBO:1340,PIBO,
PIBO:1341,PIBO,
PIBO:1344,PIBO,
PIBO:1345,PIBO,
PIBO:1346,PIBO,
PIBO:1348,PIBO,
PIBO:1349,PIBO,
PIBO:1350,PIBO,
PIBO:1368,PIBO,
PIBO:1372,PIBO,
PIBO:1400,PIBO,
PIBO:1404,PIBO,
PIBO:1427,PIBO,
PIBO:1436,PIBO,
PIBO:1439,PIBO,
PIBO:1507,PIBO,
PIBO:1509,PIBO,
PIBO:1510,PIBO,
PIBO:1512,PIBO,
PIBO:1548,PIBO,
PIBO:1560,PIBO,
PIBO:1668,PIBO,
PIBO:1670,PIBO,
PIBO:1672,PIBO,
PIBO:1673,PIBO,
PIBO:1768,PIBO,
PIBO:1778,PIBO,
PIBO:1780,PIBO,
PIBO:1788,PIBO,
PIBO:1789,PIBO,
PIBO:1816,PIBO,
PIBO:1819,PIBO,
PIBO:1834,PIBO,
PIBO:1916,PIBO,
PIBO:1920,PIBO,
PIBO:1926,PIBO,
PIBO:1946,PIBO,
PIBO:1954,PIBO,
PIBO:1956,PIBO,
PIBO:1957,PIBO,
PIBO:1958,PIBO,
PIBO:1991,PIBO,
PIBO:1992,PIBO,
PIBO:2017,PIBO,
PIBO:2116,PIBO,
PIBO:2128,PIBO,
PIBO:2137,PIBO,
PIBO:2166,PIBO,
PIBO:2167,PIBO,
PIBO:2168,PIBO,
PIBO:2177,PIBO,
PIBO:2187,PIBO,
PIBO:2192,PIBO,
PIBO:2207,PIBO,
PIBO:2213,PIBO,
PIBO:2217,PIBO,
PIBO:2229,PIBO,
PIBO:2257,PIBO,
PIBO:2276,PIBO,
PIBO:2279,PIBO,
PIBO:2282,PIBO,
PIBO:2306,PIBO,
PIBO:2307,PIBO,
PIBO:2308,PIBO,
PIBO:2309,PIBO,
PIBO:2314,PIBO,
PIBO:2317,PIBO,
PIBO:2319,PIBO,
4933462,UT All Seasons,
4940205,UT All Seasons,
4946370,UT All Seasons,
4951310,UT All Seasons,
EPA01-155,UT All Seasons,
EPA01-157,UT All Seasons,
EPA01-225,UT All Seasons,
EPA01-227,UT All Seasons,
EPA01-228,UT All Seasons,
EPA01-229,UT All Seasons,
EPA01-232,UT All Seasons,
EPA01-234,UT All Seasons,
EPA01-236,UT All Seasons,
EPA01-237,UT All Seasons,
EPA01-403,UT All Seasons,
EPA01-407,UT All Seasons,
EPA01-408,UT All Seasons,
EPA01-409,UT All Seasons,
EPA01-410,UT All Seasons,
EPA01-413,UT All Seasons,
EPA01-414,UT All Seasons,
EPA01-415,UT All Seasons,
EPA01-416,UT All Seasons,
EPA01-417,UT All Seasons,
EPA02-001,UT All Seasons,
EPA02-002,UT All Seasons,
EPA02-003,UT All Seasons,
EPA02-004,UT All Seasons,
EPA02-005,UT All Seasons,
EPA03-133,UT All Seasons,
WMTP04-R006,UT All Seasons,
WWAP99-0540,UT All Seasons,
4950020,UT All Seasons,
4950471,UT All Seasons,
4950471,UT All Seasons,
4950340,UT All Seasons,
4950917,UT All Seasons,
4951200,UT All Seasons,
4951200,UT All Seasons,
4951200,UT All Seasons,
4950290,UT All Seasons,
4950790,UT All Seasons,
4950790,UT All Seasons,
4950685,UT All Seasons,
4950075,UT All Seasons,
4953173,UT All Seasons,
4951643,UT All Seasons,
4951210,UT All Seasons,
4954194,UT All Seasons,
4940520,UT All Seasons,
4940520,UT All Seasons,
4954210,UT All Seasons,
5994002,UT All Seasons,
4953463,UT All Seasons,
5994042,UT All Seasons,
4955840,UT All Seasons,
4954080,UT All Seasons,
4955082,UT All Seasons,
4954590,UT All Seasons,
4954590,UT All Seasons,
4955820,UT All Seasons,
4955820,UT All Seasons,
4954520,UT All Seasons,
4954520,UT All Seasons,
4955790,UT All Seasons,
4955790,UT All Seasons,
5989260,UT All Seasons,
4949593,UT All Seasons,
4949447,UT All Seasons,
5940880,UT All Seasons,
5940440,UT All Seasons,
5940440,UT All Seasons,
5940440,UT All Seasons,
5940440,UT All Seasons,
5941120,UT All Seasons,
4948979,UT All Seasons,
4940340,UT All Seasons,
4958890,UT All Seasons,
4948966,UT All Seasons,
4949135,UT All Seasons,
4948920,UT All Seasons,
4956399,UT All Seasons,
4958895,UT All Seasons,
4948813,UT All Seasons,
4956435,UT All Seasons,
4956395,UT All Seasons,
4948843,UT All Seasons,
4958075,UT All Seasons,
4957150,UT All Seasons,
4958755,UT All Seasons,
5956154,UT All Seasons,
4958755,UT All Seasons,
4958032,UT All Seasons,
4958785,UT All Seasons,
4940190,UT All Seasons,
4940201,UT All Seasons,
4958552,UT All Seasons,
4959752,UT All Seasons,
4930840,UT All Seasons,
5989066,UT All Seasons,
4933690,UT All Seasons,
4933502,UT All Seasons,
4933125,UT All Seasons,
4930780,UT All Seasons,
4933214,UT All Seasons,
4933130,UT All Seasons,
4933246,UT All Seasons,
4931379,UT All Seasons,
4960132,UT All Seasons,
4960120,UT All Seasons,
5931650,UT All Seasons,
5931650,UT All Seasons,
4960100,UT All Seasons,
4995825,UT All Seasons,
4995845,UT All Seasons,
4995945,UT All Seasons,
4995928,UT All Seasons,
4994983,UT All Seasons,
4936805,UT All Seasons,
4936800,UT All Seasons,
4936750,UT All Seasons,
4936750,UT All Seasons,
4960154,UT All Seasons,
4998470,UT All Seasons,
4934340,UT All Seasons,
5987540,UT All Seasons,
4937720,UT All Seasons,
4935530,UT All Seasons,
4998700,UT All Seasons,
4935120,UT All Seasons,
4935970,UT All Seasons,
4999050,UT All Seasons,
4936860,UT All Seasons,
4935074,UT All Seasons,
4937653,UT All Seasons,
4929140,UT All Seasons,
4929140,UT All Seasons,
4935181,UT All Seasons,
4929420,UT All Seasons,
4927250,UT All Seasons,
4935078,UT All Seasons,
4991935,UT All Seasons,
5907800,UT All Seasons,
4938870,UT All Seasons,
5937940,UT All Seasons,
4938910,UT All Seasons,
4939256,UT All Seasons,
4938887,UT All Seasons,
4939505,UT All Seasons,
4939450,UT All Seasons,
4939450,UT All Seasons,
5939350,UT All Seasons,
5939790,UT All Seasons,
4990352,UT All Seasons,
4925987,UT All Seasons,
4924690,UT All Seasons,
4924690,UT All Seasons,
4924790,UT All Seasons,
4924780,UT All Seasons,
4924665,UT All Seasons,
4905832,UT All Seasons,
4905440,UT All Seasons,
4905440,UT All Seasons,
WWYP99-0555,UT All Seasons,
4905140,UT All Seasons,
4905256,UT All Seasons,
4905260,UT All Seasons,
4903512,UT All Seasons,
4904334,UT All Seasons,
FW08OR049,UT All Seasons,
WORP99-0950,UT All Seasons,
WORP99-0950,UT All Seasons,
WORP99-0950,UT All Seasons,
WMTP99-0611,UT All Seasons,
WIDP99-0556,UT All Seasons,
WMTP99-0519,UT All Seasons,
WMTP99-0587,UT All Seasons,
WMTP99-0525,UT All Seasons,
WWAP99-0694,UT All Seasons,
WWAP99-0764,UT All Seasons,
WWAP99-0537,UT All Seasons,
10,WY,
13,WY,
14,WY,
16,WY,
19,WY,
27,WY,
39,WY,
42,WY,
72,WY,
74,WY,
87,WY,
88,WY,
90,WY,
106,WY,
110,WY,
114,WY,
121,WY,
124,WY,
126,WY,
127,WY,
129,WY,
130,WY,
134,WY,
136,WY,
137,WY,
138,WY,
140,WY,
145,WY,
146,WY,
147,WY,
180,WY,
181,WY,
183,WY,
187,WY,
191,WY,
203,WY,
204,WY,
220,WY,
221,WY,
222,WY,
230,WY,
231,WY,
233,WY,
234,WY,
235,WY,
236,WY,
237,WY,
238,WY,
248,WY,
250,WY,
251,WY,
253,WY,
267,WY,
282,WY,
284,WY,
294,WY,
299,WY,
300,WY,
312,WY,
317,WY,
322,WY,
337,WY,
355,WY,
357,WY,
358,WY,
359,WY,
360,WY,
361,WY,
364,WY,
367,WY,
368,WY,
379,WY,
381,WY,
391,WY,
632,WY,
638,WY,
639,WY,
645,WY,
646,WY,
652,WY,
653,WY,
657,WY,
679,WY,
685,WY,
732,WY,
761,WY,
829,WY,
834,WY,
856,WY,
928,WY,
1007,WY,
1029,WY,
1040,WY,
1076,WY,
1082,WY,
1094,WY,
1119,WY,
1193,WY,
1226,WY,
1294,WY,
1314,WY,
1360,WY,
1377,WY,
1419,WY,
1458,WY,
1465,WY,
1478,WY,
1482,WY,
1488,WY,
1514,WY,
1531,WY,
1550,WY,
1572,WY,
1579,WY,
1587,WY,
1609,WY,
1614,WY,
1646,WY,
1649,WY,
1650,WY,
1651,WY,
1652,WY,
1681,WY,
1682,WY,
1687,WY,
1691,WY,
1693,WY,
1696,WY,
1700,WY,
1702,WY,
1704,WY,
1706,WY,
1730,WY,
1741,WY,
1744,WY,
1773,WY,
1825,WY,
1827,WY,
1866,WY,
1887,WY,
1888,WY,
1889,WY,
1893,WY,
1896,WY,
1897,WY,
1910,WY,
1911,WY,
1917,WY,
1919,WY,
1929,WY,
1932,WY,
1933,WY,
SPMLC012.43,TP,
SPCRC013.37,TP,
SPRUC008.21,TP,
UGSCV002.80,TP,
EPA01-301,TP,
UGETK011.80,TP,
60Sittin000.3,TP,
EPA01-304,TP,
WAZP04-RRED1,TP,
EPA01-0305,TP,
48DogCan002.7,TP,
SPARA017.25,TP,
WCAP99-0780,TP,
EPA01-203,TP,
41LAnima029.3,TP,
EPA01-202,TP,
77MFkGil000.1,TP,
77WFkGil010.0,TP,
WAZP99-0681,TP,
77Diamon033.2,TP,
EPA01-0210,TP,
80WhiteW008.8,TP,
77IronCr009.7,TP,
EPA01-102,TP,
EPA01-0209,TP,
EPA01-314,TP,
WAZP99-0783,TP,
WAZP99-0569,TP,
SRNBE000.86,TP,
SRBWL005.79,TP,
SRSNK001.96,TP,
WAZP99-0888,TP,
WAZP99-0551,TP,
WCAP99-0794,TP,
EPA01-0212,TP,
WAZP99-0639,TP,
UGCOL003.48,TP,
WCAP99-0539,TP,
SRWFB005.34,TP,
EPA01-0308,TP,
WAZP99-0828,TP,
SRREY001.14,TP,
SRWFB015.22,TP,
WAZP99-0545,TP,
LCPAD001.30,TP,
EPA01-213,TP,
LCWLR001.23,TP,
EPA01-0214,TP,
MGNWR054.26,TP,
LCSLR001.42,TP,
VRSYH000.25,TP,
WCAP99-1132,TP,
WCAP99-0787,TP,
9508300,TP,
WCAP99-0550,TP,
USGS341014116494801,TP,
WCAP99-0674,TP,
WAZP99-0833,TP,
EPA01-0315,TP,
VRPIE000.29,TP,
WCAP99-0552,TP,
WCAP99-1020,TP,
WAZP04-RCYN1,TP,
WCAP03-R318,TP,
WAZP99-0598,TP,
SRCRS006.19,TP,
WAZP99-0648,TP,
MGLAS004.52,TP,
WAZP04-RPIN1,TP,
LCBRB006.74,TP,
WCAP99-R001,TP,
WCAP99-0536,TP,
WCAP99-0501,TP,
WAZP99-0868,TP,
WCAP99-0905,TP,
WCAP99-0560,TP,
VRWBV006.54,TP,
EPA01-313,TP,
WCAP99-0779,TP,
VRWBV012.56,TP,
WCAP99-0796,TP,
WCAP99-1035,TP,
WCAP99-1028,TP,
WCAP99-0677,TP,
WAZP04-RTRT1,TP,
VRWOK000.82,TP,
50Gallin140.8,TP,
50Gallin141.9,TP,
50PecosR803.7,TP,
EPA01-101,TP,
50RioMor000.3,TP,
EPA01-221,TP,
07Sapell069.8,TP,
07Manuel020.9,TP,
EPA01-107,TP,
309CAW130,TP,
309CAW194,TP,
31RVacas026.5,TP,
309SARANF,TP,
EPA01-216,TP,
28RSanBa017.9,TP,
29RPuerc037.5,TP,
EPA01-106,TP,
WAZP99-0768,TP,
EPA01-217,TP,
EPA01-108,TP,
29RGalli045.1,TP,
WCAP99-1002,TP,
309CAW126,TP,
309ARCBRC,TP,
EPA01-220,TP,
28RGRanc013.1,TP,
WCAP03-R325,TP,
EPA01-219,TP,
EPA01-103,TP,
EPA01-218,TP,
WCAP03-R224,TP,
WCAP03-R208,TP,
29RBrazo010.1,TP,
EPA01-105,TP,
EPA01-104,TP,
28RCosti032.5,TP,
29RChama183.4,TP,
27RPinos007.3,TP,
WCAP03-R245,TP,
WCAP99-0509,TP,
WCAP99-0883,TP,
WUTP04-R002,TP,
EPA01-0242,TP,
WCAP99-0984,TP,
WCOP99-0502,TP,
WUTP03-R031,TP,
EPA01-240,TP,
EPA01-0240,TP,
WUTP99-0728,TP,
WCOP03-R009,TP,
WCOP99-0670,TP,
EPA01-402,TP,
WCAP03-R242,TP,
WCAP03-R244,TP,
WCOP99-0634,TP,
EPA01-406,TP,
EPA01-241,TP,
EPA01-404,TP,
WCAP99-0503,TP,
USGS11264500,TP,
EPA01-227,TP,
EPA01-232,TP,
NV379814,TP,
10249900,TP,
EPA01-0239,TP,
WCAP03-R236,TP,
WCAP03-R237,TP,
EPA01-228,TP,
EPA01-243,TP,
EPA01-229,TP,
EPA01-245,TP,
EPA01-231,TP,
WNVP99-0677,TP,
EPA01-501,TP,
EPA01-0246,TP,
EPA01-407,TP,
WCAP99-0885,TP,
EPA01-249,TP,
EPA01-408,TP,
WWalker.confl,TP,
WCAP99-0860,TP,
EPA01-409,TP,
EPA01-502,TP,
Silver.cr,TP,
Swauger.valdez,TP,
Lit.Walker.lower,TP,
WCAP99-0835,TP,
Swauger.above,TP,
WCAP03-R219,TP,
WCOP03-R005,TP,
Cottonwood,TP,
631CE0074,TP,
532TGRUPx,TP,
WCAP03-R222,TP,
EPA01-516,TP,
Trib.silver,TP,
WCOP99-0597,TP,
EPA01-505,TP,
EPA01-506,TP,
EPA01-234,TP,
EPA01-507,TP,
WCAP99-0629,TP,
EPA01-504,TP,
WCOP99-0633,TP,
WCAP99-0991,TP,
NV323432,TP,
EPA01-514,TP,
NV315740,TP,
EPA01-508,TP,
514BRUUPx,TP,
WNVP99-0683,TP,
EPA01-503,TP,
EPA01-410,TP,
EPA01-253,TP,
Hidden,TP,
EPA01-512,TP,
EPA01-113,TP,
NV343320,TP,
EPA01-257,TP,
EPA01-256,TP,
514RCRUPx,TP,
EPA01-509,TP,
WCOP99-0503,TP,
EPA01-250,TP,
Bear,TP,
EPA01-260,TP,
EPA01-109,TP,
WCOP99-0505,TP,
EPA01-111,TP,
WCOP99-0629,TP,
EPA01-251,TP,
EPA01-510,TP,
113CE0097,TP,
EPA01-261,TP,
EPA01-259,TP,
WUTP99-0517,TP,
111CE0551,TP,
Juniper,TP,
EPA01-252,TP,
Prosser.north,TP,
WCAP99-R082,TP,
EPA01-513,TP,
WCAP03-R159,TP,
10343500,TP,
EPA01-112,TP,
Sagehen,TP,
WCAP99-1065,TP,
WCAP99-0767,TP,
EPA01-262,TP,
Lacey,TP,
EPA01-254,TP,
Independence,TP,
Lit.Truck.below,TP,
WCAP99-R008,TP,
WCOP04-R011,TP,
WCAP99-R003,TP,
WCAP99-0826,TP,
WCOP99-0649,TP,
WCAP99-0816,TP,
518LSTUPx,TP,
EPA01-169,TP,
WCAP99-1050,TP,
WCAP99-R047,TP,
WCAP99-R046,TP,
WCOP99-0626,TP,
WCAP99-0606,TP,
WUTP99-0732,TP,
EPA01-168,TP,
WCAP99-0837,TP,
518GZCUPx,TP,
EPA01-0167,TP,
WCAP99-0813,TP,
WCAP99-R022,TP,
509DCPWxx,TP,
509BCCH32,TP,
WCAP99-0527,TP,
EPA01-235,TP,
WCAP99-R036,TP,
WCAP99-1063,TP,
WCOP99-0518,TP,
WCOP99-0577,TP,
WCAP99-1092,TP,
WCAP99-R012,TP,
WCAP99-1056,TP,
WCAP99-R077,TP,
WCAP99-0844,TP,
WNVP99-0563,TP,
USGS402114105350101,TP,
WCAP99-0843,TP,
EPA01-121,TP,
WCAP99-R016,TP,
WUTP99-0507,TP,
637CE0511,TP,
WCAP99-1074,TP,
EPA01-119,TP,
EPA01-236,TP,
WUTP99-0562,TP,
NV202758,TP,
WCAP99-0618,TP,
WNVP99-0681,TP,
WCAP99-0988,TP,
EPA01-172,TP,
WCAP99-0831,TP,
WUTP99-0733,TP,
WCAP99-0838,TP,
NV196887,TP,
WUTP99-0521,TP,
UT26728,TP,
EPA01-122,TP,
USGS404707111094301,TP,
EPA01-413,TP,
UT25141,TP,
WCAP99-0505,TP,
WUTP99-0501,TP,
EPA01-237,TP,
WCAP99-0605,TP,
WUTP99-0514,TP,
WNVP99-0617,TP,
WCAP99-1055,TP,
WUTP02-R002,TP,
EPA01-171,TP,
WCAP99-R011,TP,
WCOP99-0578,TP,
EPA01-531,TP,
WWYP99-0613,TP,
WCAP99-R037,TP,
WWYP99-0713,TP,
WWYP99-0707,TP,
526CE0323,TP,
WCAP99-1005,TP,
WCAP99-1079,TP,
WCAP99-R062,TP,
WCAP99-1066,TP,
EPA01-530,TP,
526PSCBBL,TP,
EPA01-529,TP,
WCAP99-0506,TP,
WCAP99-0598,TP,
WCAP03-R123,TP,
EPA01-528,TP,
UT16163,TP,
WCAP99-R052,TP,
526CE0317,TP,
WCAP99-1067,TP,
WCAP99-0604,TP,
EPA01-535,TP,
WUTP02-R014,TP,
WCAP99-0592,TP,
WCAP99-R092,TP,
EPA01-115,TP,
EPA01-533,TP,
EPA01-114,TP,
EPA01-118,TP,
EPA01-116,TP,
WCAP99-0811,TP,
WNVP99-0680,TP,
WCAP99-0583,TP,
WNVP99-0514,TP,
EPA01-416,TP,
WNVP99-0561,TP,
EPA01-415,TP,
WCAP99-R029,TP,
EPA01-117,TP,
WCAP99-R026,TP,
WCAP99-0833,TP,
WNVP99-0668,TP,
EPA01-414,TP,
WCAP99-0613,TP,
NV84955,TP,
EPA01-S216,TP,
EPA01-417,TP,
EPA01-S443,TP,
WNVP99-0615,TP,
WCAP99-0845,TP,
WIDP99-0768,TP,
EPA01-S12_1,TP,
EPA01-158,TP,
WORP99-0522,TP,
EPA01-159,TP,
EPA01-0161,TP,
2002STWFV008,TP,
EPA01-540,TP,
EPA01-418,TP,
WWYP99-0515,TP,
EPA01-155,TP,
WWYP99-0614,TP,
EPA01-S419,TP,
EPA01-541,TP,
EPA01-S10,TP,
EPA01-419,TP,
EPA01-420,TP,
EPA01-157,TP,
EPA01-543,TP,
EPA01-542,TP,
EPA01-536,TP,
EPA01-165,TP,
EPA01-538,TP,
EPA01-S24,TP,
EPA01-S209,TP,
ORSE04-R009,TP,
EPA01-154,TP,
WWYP99-0610,TP,
EPA01-156,TP,
ORSE04-R010,TP,
EPA01-S23,TP,
ORSE04-R011,TP,
EPA01-0537,TP,
WORP99-0957,TP,
EPA01-S8,TP,
EPA01-S9,TP,
1997SPOCA004,TP,
WWYP99-0669,TP,
1993SBOIA049,TP,
WORP99-1019,TP,
EPA01-161,TP,
EPA01-0159,TP,
WIDP99-0727,TP,
EPA01-164,TP,
EPA01-S455,TP,
EPA01-S219,TP,
EPA01-S823_3,TP,
WWYP99-0651,TP,
WWYP99-0656,TP,
ORSE04-R003,TP,
EPA01-545,TP,
EPA01-153,TP,
EPA01-0556,TP,
EPA01-133,TP,
EPA01-546,TP,
WIDP99-0524,TP,
EPA01-S222,TP,
EPA01-S221,TP,
WORP99-0503,TP,
EPA01-0555,TP,
EPA01-135,TP,
EPA01-132,TP,
WIDP99-0615,TP,
WIDP99-0508,TP,
EPA01-S232,TP,
EPA01-S485,TP,
EPAR8-A6,TP,
EPA01-136,TP,
EPA01-134,TP,
WWYP99-0717,TP,
EPAR8-A7,TP,
EPA01-131,TP,
EPA01-S32,TP,
WWYP99-0585,TP,
EPA01-S33,TP,
WORP99-0821,TP,
EPA01-S234,TP,
EPA01-S233,TP,
USGS13120500,TP,
WIDP99-0502,TP,
EPAR8-01,TP,
EPAR8-05,TP,
EPA01-S237,TP,
EPA01-524,TP,
WYO-0032,TP,
EPA01-547,TP,
WWYP99-0600,TP,
EPA01-552,TP,
WIDP99-0697,TP,
WORP99-0677,TP,
EPA01-548,TP,
EPAR8-06,TP,
EPAR8-A4,TP,
EPA01-S203,TP,
EPA01-137,TP,
EPA01-518,TP,
EPA01-S204,TP,
EPAR8-04,TP,
EPA01-143,TP,
EPAR8-A3,TP,
EPA01-517,TP,
EPA01-519,TP,
EPAR8-A2,TP,
WORP99-0710,TP,
EPA01-129,TP,
EPA01-525,TP,
EPAR8-02,TP,
WORP99-1016,TP,
YNP-0039,TP,
EPA01-551,TP,
WWYP99-0537,TP,
EPA01-526,TP,
EPA01-127,TP,
WWYP99-0553,TP,
EPA01-141,TP,
WORP99-0780,TP,
EPA01-162,TP,
EPA01-S240,TP,
WIDP99-0520,TP,
EPA01-123,TP,
EPA01-549,TP,
EPA01-521,TP,
WWYP99-0582,TP,
EPA01-138,TP,
EPA01-128,TP,
EPA01-520,TP,
USGS06298000,TP,
WORP99-0657,TP,
EPA01-550,TP,
EPA01-S205,TP,
WORP99-0787,TP,
YNP-0073,TP,
WORP99-0877,TP,
WORP99-0564,TP,
WORP99-0691,TP,
WORP99-0864,TP,
EPA01-437,TP,
EPA01-428,TP,
WMTP99-R035,TP,
USGS06191500,TP,
EPA01-126,TP,
EPA01-125,TP,
EPA01-429,TP,
EPA01-S496,TP,
EPA01-0124,TP,
EPA01-124,TP,
EPA01-S38,TP,
WMTP99-0507,TP,
WORP99-0830,TP,
EPA01-S39,TP,
WORP99-0879,TP,
WORP99-0928,TP,
EPA01-436,TP,
EPA01-139,TP,
EPA01-431,TP,
EPA01-0432,TP,
WMTP99-0715,TP,
EPA01-438,TP,
EPA01-439,TP,
EPA01-430,TP,
EPA01-443,TP,
WIDP99-0556,TP,
EPA01-435,TP,
WIDP99-0514,TP,
WMTP99-0839,TP,
EPA01-442,TP,
EPA01-454,TP,
WIDP99-0516,TP,
EPA01-S463,TP,
EPA01-152,TP,
EPA01-S457,TP,
WMTP99-0803,TP,
EPA01-S462-3,TP,
WMTP99-0517,TP,
WMTP99-R015,TP,
EPA01-151,TP,
EPA01-S30,TP,
EPA01-S774,TP,
WMTP99-0633,TP,
EPA01-0448,TP,
WWAP99-0676,TP,
WMTP99-0523,TP,
USGS12508480,TP,
WWAP04-R001,TP,
EPA01-149,TP,
EPA01-447,TP,
WMTP99-0609,TP,
WMTP99-R011,TP,
USGS12506000,TP,
WWAP99-0521,TP,
EPA01-S224,TP,
WWAP04-R041,TP,
EPA01-434,TP,
WIDP99-0501,TP,
WIDP99-0607,TP,
WIDP99-0599,TP,
WMTP99-0716,TP,
WMTP99-0705,TP,
WWAP04-R043,TP,
WIDP99-0503,TP,
WWAP99-0677,TP,
WWAP99-0642,TP,
WMTP99-R027,TP,
WMTP99-0707,TP,
SHB-0395,TP,
MT224909,TP,
MT222052,TP,
EPA01-427,TP,
EPA01-S245,TP,
EPA01-144,TP,
EPA01-148,TP,
USGS12413875,TP,
EPA01-S503,TP,
WMTP99-0838,TP,
WIDP99-0774,TP,
WIDP99-0729,TP,
WMTP99-0837,TP,
WWAP04-R048,TP,
WWAP99-0770,TP,
USGS472510115360800,TP,
WWAP99-0776,TP,
WWAP99-0538,TP,
WWAP99-0541,TP,
USGS12413000,TP,
WWAP99-0633,TP,
WWAP99-0733,TP,
WWAP99-0768,TP,
EPA01-S40,TP,
WWAP99-0546,TP,
WWAP99-0534,TP,
EPA01-S42,TP,
WWAP04-R021,TP,
WWAP99-0716,TP,
WWAP99-0697,TP,
WWAP99-0632,TP,
USGS12411000,TP,
EPA01-449,TP,
WWAP99-0532,TP,
EPA01-453,TP,
WWAP99-0527,TP,
WWAP99-0540,TP,
WWAP04-R264,TP,
WWAP99-0764,TP,
WWAP99-0701,TP,
WMTP04-R006,TP,
EPA01-145,TP,
WWAP99-0772,TP,
WWAP99-0611,TP,
WWAP99-0537,TP,
EPA01-0421,TP,
EPA01-421,TP,
WWAP99-0736,TP,
WMTP99-R002,TP,
WWAP99-0529,TP,
WWAP99-0622,TP,
WWAP99-0735,TP,
WWAP99-0705,TP,
SHB-0315,TP,
WWAP99-0713,TP,
WWAP99-0704,TP,
EPA01-0450,TP,
WMTP99-R019,TP,
EPA01-S507,TP,
EPA01-S504-4,TP,
WMTP99-0719,TP,
EPA01-S509,TP,
EPA01-0452,TP,
EPA01-452,TP,
WIDP99-0614,TP,
WMTP99-0515,TP,
EPA01-0147,TP,
WMTP99-0600,TP,
EPA01-146,TP,
EPA01-451,TP,
EPA01-147,TP,
ORDEQ23832,TP,
ORDEQ23830,TP,
ORDEQ12533,TP,
ORDEQ11850,TP,
ORDEQ21847,TP,
ORDEQ21799,TP,
ORDEQ21848,TP,
ORDEQ21814,TP,
ORDEQ25290,TP,
ORDEQ21842,TP,
ORDEQ26834,TP,
ORDEQ23838,TP,
ORDEQ26828,TP,
ORDEQ23833,TP,
ORDEQ11845,TP,
ORDEQ21831,TP,
ORDEQ23840,TP,
ORDEQ25783,TP,
ORDEQ25324,TP,
USGS441549123232503,TP,
USGS14203750,TP,
USGS12056500,TP,
ORDEQ29028,TP,
ORDEQ29034,TP,
epa03-119,TP,
epa03-117,TP,
ORDEQ26866,TP,
ORDEQ21819,TP,
ORDEQ13244,TP,
ORDEQ21846,TP,
ORDEQ23924,TP,
ORDEQ23900,TP,
ORDEQ25784,TP,
ORDEQ29031,TP,
ORDEQ25351,TP,
ORDEQ23918,TP,
ORDEQ26861,TP,
ORDEQ26854,TP,
ORDEQ23899,TP,
ORDEQ23847,TP,
ORDEQ23849,TP,
ORDEQ23921,TP,
ORDEQ25273,TP,
ORDEQ24453,TP,
ORDEQ23926,TP,
ORDEQ25285,TP,
ORDEQ21855,TP,
ORDEQ23912,TP,
ORDEQ26852,TP,
ORDEQ23867,TP,
ORDEQ23903,TP,
ORDEQ23856,TP,
ORDEQ25284,TP,
ORDEQ23925,TP,
USGS11367808,TP,
ORDEQ21884,TP,
ORDEQ21868,TP,
ORDEQ22946,TP,
509CE0305,TP,
USGS11383500,TP,
ORDEQ23911,TP,
ORDEQ26791,TP,
526CE0565,TP,
ORDEQ13231,TP,
USGS12117695,TP,
ORDEQ21853,TP,
ORDEQ23901,TP,
ORDEQ21865,TP,
USGS12117000,TP,
ORDEQ24454,TP,
ORDEQ21876,TP,
USGS401116121315201,TP,
USGS12178400,TP,
USGS12177450,TP,
518CE0047,TP,
Lit.Truck.perazzo,TP,
Pole,TP,
General,TP,
Truck.forest,TP,
11124500,TP,
USGS373901119530701,TP,
Spratt,TP,
Wolf,TP,
USGS11266500,TP,
USGS374421119355601,TP,
USGS374435119335301,TP,
USGS374442119330201,TP,
10296000,TP,
ORDEQ23034,TP,
ORDEQ12268,TP,
ORDEQ24047,TP,
USGS465637116381400,TP,
USGS473925115530200,TP,
epa03-147,TP,
epa03-150,TP,
USGS472304115235900,TP,
epa03-154,TP,
USGS12354000,TP,
USGS13091995,TP,
USGS13147900,TP,
USGS410522111541201,TP,
epa03-167,TP,
USGS404751111423501,TP,
epa03-2030,TP,
epa03-133,TP,
epa03-108,TP,
epa03-109,TP,
epa03-107,TP,
epa03-2026,TP,
epa03-144,TP,
epa03-162,TP,
USGS13019438,TP,
epa03-164,TP,
epa03-2003,TP,
epa03-2048,TP,
ORDEQ26805,TP,
ORDEQ26806,TP,
USGS10011500,EC12,
9403000,EC12,
USGS12508480,EC12,
USGS11264500,EC12,
11482500,EC12,
11141280,EC12,
11476600,EC12,
11143000,EC12,
11292500,EC12,
11481500,EC12,
9480000,EC12,
11468500,EC12,
USGS06298000,EC12,
11213500,EC12,
USGS10128500,EC12,
USGS12413000,EC12,
10255810,EC12,
USGS12506000,EC12,
10249900,EC12,
USGS10172200,EC12,
USGS13019438,EC12,
USGS12508500,EC12,
10343500,EC12,
USGS13047500,EC12,
ORDEQ11845,EC12,
BWPEE003.51,EC12,
CO8114,EC12,
CGRYA000.05,EC12,
BWCNG006.59,EC12,
9508300,EC12,
BWBRO042.16,EC12,
USGS13010065,EC12,
UGMRW011.38,EC12,
USGS14203750,EC12,
SRD4E005.86,EC12,
USGS13023700,EC12,
USGS13044550,EC12,
UGPIG002.47,EC12,
11124500,EC12,
USGS13054300,EC12,
USGS13135350,EC12,
BWFRA002.33,EC12,
USGS13022970,EC12,
UGEAG040.33,EC12,
LCLIL002.16,EC12,
CO069M,EC12,
CO038M,EC12,
LCPAD001.30,EC12,
USGS441549123232503,EC12,
CO067M,EC12,
CO006M,EC12,
CO03RS,EC12,
SPGRA007.71,EC12,
UGCOL003.48,EC12,
UGLAN000.60,EC12,
CGNCA028.70,EC12,
CO044M,EC12,
CO063M,EC12,
CO001M,EC12,
CO033M,EC12,
CO066M,EC12,
CO02RS,EC12,
CO051M,EC12,
USGS374442119330201,EC12,
USGS374435119335301,EC12,
VRPIE000.29,EC12,
USGS465637116381400,EC12,
CO015M,EC12,
CO007M,EC12,
SREFB008.27,EC12,
CO045M,EC12,
VREVR031.25,EC12,
USGS373901119530701,EC12,
SPCRC013.37,EC12,
VRELL009.02,EC12,
VREVR051.15,EC12,
CO116M,EC12,
SRCRS006.19,EC12,
CO153M,EC12,
SPRUC008.21,EC12,
CO157M,EC12,
CO122M,EC12,
CO142M,EC12,
CO159M,EC12,
CO174M,EC12,
CO10238,EC12,
CO158M,EC12,
CO133M,EC12,
CO102M,EC12,
CO125M,EC12,
CO113M,EC12,
10296000,EC12,
VRWBV006.54,EC12,
USGS374421119355601,EC12,
USGS11266500,EC12,
USGS13120500,EC12,
SRREY001.14,EC12,
ORDEQ12533,EC12,
USGS11384004,EC12,
USGS11383500,EC12,
USGS13116500,EC12,
USGS11367808,EC12,
USGS12117695,EC12,
LCBRB006.74,EC12,
USGS14200400,EC12,
USGS400516121350401,EC12,
USGS12117000,EC12,
USGS12177450,EC12,
SRFSH006.38,EC12,
USGS12178400,EC12,
ORDEQ12268,EC12,
USGS12056500,EC12,
CO12961,EC12,
CGTAP000.57,EC12,
USGS401116121315201,EC12,
SPHSC010.67,EC12,
USGS394344121420901,EC12,
ORDEQ13231,EC12,
PNW-213,EC12,
SPMLC012.43,EC12,
UGETK011.80,EC12,
PNW-016,EC12,
PNW-014,EC12,
PNW-013,EC12,
PNW-227,EC12,
SRSNK001.96,EC12,
SRWFB015.22,EC12,
PNW-012B,EC12,
MGNWR054.26,EC12,
SRNBE000.86,EC12,
PNW-017,EC12,
PNW-211,EC12,
UGSCV002.80,EC12,
LCWLR001.23,EC12,
PNW-018,EC12,
PNW-043,EC12,
LCSLR001.42,EC12,
CR0457,EC12,
PNW-226,EC12,
VRSYH000.25,EC12,
VRWOK000.82,EC12,
MGLAS004.52,EC12,
CR0251,EC12,
YP0608,EC12,
SPARA017.25,EC12,
ORDEQ21865,EC12,
ORDEQ21848,EC12,
ORDEQ21847,EC12,
ORDEQ21846,EC12,
ORDEQ21819,EC12,
ORDEQ21876,EC12,
ORDEQ21853,EC12,
ORDEQ21884,EC12,
ORDEQ21868,EC12,
ORDEQ11850,EC12,
ORDEQ13244,EC12,
ORDEQ21831,EC12,
ORDEQ21855,EC12,
ORDEQ21842,EC12,
PNW-1002,EC12,
PNW-801,EC12,
PNW-902,EC12,
PNW-802,EC12,
PNW-426,EC12,
Forestdale,EC12,
USGS404751111423501,EC12,
PNW-1001,EC12,
PNW-517,EC12,
PNW-1003,EC12,
PNW-440,EC12,
29RGalli045.1,EC12,
WCarson.faith,EC12,
PNW-701A,EC12,
Mill,EC12,
USGS12413118,EC12,
Willow,EC12,
Convict,EC12,
ORDEQ23034,EC12,
Deadman,EC12,
Owens.spring,EC12,
WCarson.blm,EC12,
USGS12411000,EC12,
ORDEQ24062,EC12,
ES-Ref-001,EC12,
ES-Ref-024,EC12,
ES-Ref-018,EC12,
ORDEQ23926,EC12,
ES-Ref-022,EC12,
ORDEQ24058,EC12,
ORDEQ23911,EC12,
ORDEQ24047,EC12,
ES-Ref-028,EC12,
ES-Ref-027,EC12,
ES-Ref-008,EC12,
ES-Ref-023,EC12,
ORDEQ23847,EC12,
ORDEQ23925,EC12,
ORDEQ24453,EC12,
ORDEQ23838,EC12,
ORDEQ23899,EC12,
ES-Ref-006,EC12,
ES-Ref-030,EC12,
ORDEQ24044,EC12,
ORDEQ22946,EC12,
ORDEQ23867,EC12,
ORDEQ23903,EC12,
ES-Ref-025,EC12,
ORDEQ23918,EC12,
ES-Ref-029,EC12,
ES-Ref-026,EC12,
ORDEQ23901,EC12,
ORDEQ23924,EC12,
ORDEQ24454,EC12,
ORDEQ23900,EC12,
ES-Ref-002,EC12,
ES-Ref-003,EC12,
ORDEQ23833,EC12,
ORDEQ23830,EC12,
WCOP99-0503,EC12,
ORDEQ23856,EC12,
WIDP99-0503,EC12,
WIDP99-0524,EC12,
WIDP99-0508,EC12,
R5BIO-117,EC12,
R5BIO-131,EC12,
WCOP99-0502,EC12,
R5BIO-403,EC12,
R5BIO-152,EC12,
ORDEQ23832,EC12,
R5BIO-431,EC12,
R5BIO-420,EC12,
R5BIO-210,EC12,
R5BIO-201,EC12,
WCAP99-0550,EC12,
ES-Ref-036,EC12,
WCOP99-0505,EC12,
R5BIO-129,EC12,
USGS410522111541201,EC12,
R5BIO-419,EC12,
R5BIO-207,EC12,
R5BIO-405,EC12,
R5BIO-114,EC12,
WWAP99-0521,EC12,
WCAP99-0592,EC12,
R5BIO-109,EC12,
ES-Ref-039,EC12,
R5BIO-151,EC12,
ES-Ref-035,EC12,
R5BIO-243,EC12,
Pole,EC12,
R5BIO-314,EC12,
WCAP99-0604,EC12,
R5BIO-158,EC12,
WAZP99-0569,EC12,
R5BIO-240,EC12,
R5BIO-119,EC12,
ES-Ref-038,EC12,
R5BIO-128,EC12,
R5BIO-326,EC12,
ES-Ref-033,EC12,
WIDP99-0520,EC12,
WORP99-0503,EC12,
R5BIO-404,EC12,
R5BIO-137,EC12,
R5BIO-415,EC12,
R5BIO-150,EC12,
R5BIO-125,EC12,
R5BIO-204,EC12,
R5BIO-321,EC12,
R5BIO-309,EC12,
WCOP99-0518,EC12,
ES-Ref-037,EC12,
WMTP99-0515,EC12,
R5BIO-216,EC12,
Spratt,EC12,
WCAP99-0539,EC12,
R5BIO-203,EC12,
R5BIO-138,EC12,
R5BIO-206,EC12,
R5BIO-241,EC12,
R5BIO-324,EC12,
R5BIO-135,EC12,
R5BIO-112,EC12,
R5BIO-121,EC12,
WIDP99-0501,EC12,
R5BIO-144,EC12,
R5BIO-116,EC12,
General,EC12,
R5BIO-213,EC12,
WIDP99-0516,EC12,
R5BIO-308,EC12,
WAZP99-0598,EC12,
R5BIO-153,EC12,
R5BIO-318,EC12,
R5BIO-140,EC12,
ES-Ref-032,EC12,
R5BIO-107,EC12,
R5BIO-313,EC12,
WORP99-0522,EC12,
WIDP99-0514,EC12,
R5BIO-115,EC12,
R5BIO-227,EC12,
R5BIO-214,EC12,
R5BIO-320,EC12,
R5BIO-426,EC12,
R5BIO-130,EC12,
R5BIO-147,EC12,
ORDEQ23840,EC12,
ES-Ref-040,EC12,
ES-Ref-034,EC12,
WUTP99-0521,EC12,
R5BIO-411,EC12,
R5BIO-432,EC12,
R5BIO-433,EC12,
WAZP99-0551,EC12,
R5BIO-323,EC12,
R5BIO-136,EC12,
R5BIO-430,EC12,
R5BIO-205,EC12,
Truck.forest,EC12,
WCAP99-0552,EC12,
R5BIO-416,EC12,
R5BIO-202,EC12,
WNVP99-0514,EC12,
R5BIO-124,EC12,
WIDP99-0502,EC12,
R5BIO-428,EC12,
R5BIO-223,EC12,
R5BIO-423,EC12,
R5BIO-133,EC12,
R5BIO-139,EC12,
R5BIO-218,EC12,
R5BIO-217,EC12,
R5BIO-105,EC12,
WCAP99-0613,EC12,
WUTP99-0501,EC12,
R5BIO-209,EC12,
R5BIO-429,EC12,
R5BIO-110,EC12,
USGS472510115360800,EC12,
ORDEQ23912,EC12,
CO12832,EC12,
R5BIO-134,EC12,
WWYP99-0515,EC12,
WCAP99-0536,EC12,
R5BIO-408,EC12,
USGS473925115530200,EC12,
R5BIO-141,EC12,
R5BIO-410,EC12,
Wolf,EC12,
WUTP99-0514,EC12,
Lit.Truck.perazzo,EC12,
R5BIO-319,EC12,
R5BIO-232,EC12,
WUTP99-0517,EC12,
WCAP99-0606,EC12,
R5BIO-225,EC12,
R5BIO-157,EC12,
ORDEQ23849,EC12,
WAZP99-0545,EC12,
R5BIO-413,EC12,
WORP99-0564,EC12,
R5BIO-221,EC12,
WCAP99-0503,EC12,
R5BIO-233,EC12,
ES-Ref-011,EC12,
R5BIO-315,EC12,
WCAP99-0505,EC12,
WCAP99-0605,EC12,
R5BIO-231,EC12,
28RCosti032.5,EC12,
R5BIO-418,EC12,
R5BIO-424,EC12,
R5BIO-402,EC12,
R5BIO-226,EC12,
R5BIO-328,EC12,
R5BIO-224,EC12,
USGS472304115235900,EC12,
R5BIO-235,EC12,
R5BIO-427,EC12,
WCAP99-0506,EC12,
WCAP99-0560,EC12,
USGS404707111094301,EC12,
R5BIO-113,EC12,
ORDEQ23921,EC12,
R5BIO-148,EC12,
R5BIO-229,EC12,
WUTP99-0507,EC12,
R5BIO-239,EC12,
R5BIO-234,EC12,
USGS12354000,EC12,
WWAP99-0563,EC12,
R5BIO-248,EC12,
USGS06191500,EC12,
WIDP99-0556,EC12,
ORDEQ21814,EC12,
ORDEQ25284,EC12,
ORDEQ25351,EC12,
ORDEQ25290,EC12,
WORP99-0710,EC12,
WORP99-0657,EC12,
R5BIO-020,EC12,
WWAP99-0611,EC12,
WWAP99-0622,EC12,
EPA01-119,EC12,
EPA01-164,EC12,
WNVP99-0563,EC12,
EPA01-259,EC12,
EPA01-S222,EC12,
ORDEQ25273,EC12,
WCAP99-0838,EC12,
WCAP99-0835,EC12,
WWAP99-0642,EC12,
WCAP99-0787,EC12,
EPA01-504,EC12,
EPA01-118,EC12,
WWAP99-0529,EC12,
EPA01-S463,EC12,
WCAP99-0883,EC12,
EPA01-S221,EC12,
EPA01-S234,EC12,
EPA01-S30,EC12,
EPA01-161,EC12,
EPA01-S774,EC12,
EPA01-452,EC12,
WWAP99-0632,EC12,
R5BIO-049,EC12,
EPA01-421,EC12,
WCAP99-0583,EC12,
EPA01-127,EC12,
PIBO423,EC12,
EPA01-526,EC12,
EPA01-442,EC12,
Hidden,EC12,
EPA01-115,EC12,
R5BIO-043,EC12,
WCAP99-0796,EC12,
EPA01-121,EC12,
EPA01-S485,EC12,
WCAP99-0755,EC12,
EPA01-138,EC12,
R5BIO-025,EC12,
EPA01-S240,EC12,
WWYP99-0537,EC12,
EPA01-443,EC12,
EPA01-213,EC12,
EPA01-510,EC12,
EPA01-262,EC12,
R5BIO-024,EC12,
EPA01-513,EC12,
EPA01-147,EC12,
R5BIO-6490,EC12,
EPA01-168,EC12,
EPA01-162,EC12,
R5BIO-6482,EC12,
EPA01-505,EC12,
R5BIO-6528,EC12,
EPA01-S224,EC12,
EPA01-116,EC12,
EPA01-S233,EC12,
EPA01-435,EC12,
R5BIO-027,EC12,
WWYP99-0614,EC12,
EPA01-514,EC12,
EPA01-S8,EC12,
EPA01-136,EC12,
EPA01-301,EC12,
R5BIO-002,EC12,
EPA01-413,EC12,
WCAP99-0794,EC12,
WCAP99-0780,EC12,
WCAP99-0779,EC12,
EPA01-449,EC12,
PIBO424,EC12,
R5BIO-035,EC12,
WIDP99-0599,EC12,
R5BIO-031,EC12,
R5BIO-008,EC12,
WNVP99-0561,EC12,
EPA01-122,EC12,
R5BIO-015,EC12,
EPA01-509,EC12,
EPA01-503,EC12,
R5BIO-040,EC12,
EPA01-S12_1,EC12,
EPA01-217,EC12,
EPA01-218,EC12,
EPA01-152,EC12,
R5BIO-034,EC12,
EPA01-165,EC12,
R5BIO-036,EC12,
EPA01-148,EC12,
EPA01-S504-4,EC12,
EPA01-407,EC12,
R5BIO-014,EC12,
EPA01-240,EC12,
EPA01-117,EC12,
EPA01-S205,EC12,
EPA01-104,EC12,
EPA01-502,EC12,
WWYP99-0585,EC12,
WCAP99-0816,EC12,
EPA01-241,EC12,
EPA01-137,EC12,
Lacey,EC12,
EPA01-105,EC12,
EPAR8-A5,EC12,
EPA01-114,EC12,
WMTP99-0517,EC12,
R5BIO-048,EC12,
EPA01-S232,EC12,
Bear,EC12,
WORP99-0677,EC12,
EPA01-231,EC12,
EPA01-112,EC12,
EPA01-145,EC12,
EPA01-254,EC12,
R5BIO-022,EC12,
EPA01-419,EC12,
EPA01-108,EC12,
ORDEQ25783,EC12,
WMTP99-R035,EC12,
WCAP99-0826,EC12,
EPA01-261,EC12,
R5BIO-026,EC12,
EPA01-252,EC12,
R5BIO-013,EC12,
EPA01-102,EC12,
EPA01-113,EC12,
EPAR8-A7,EC12,
PIBO329,EC12,
WCAP99-0811,EC12,
EPA01-501,EC12,
R5BIO-012,EC12,
WCAP99-0843,EC12,
EPA01-S216,EC12,
ORDEQ25285,EC12,
EPA01-159,EC12,
EPA01-256,EC12,
EPA01-232,EC12,
EPA01-203,EC12,
R5BIO-039,EC12,
WORP99-0691,EC12,
EPA01-S219,EC12,
EPA01-506,EC12,
EPA01-438,EC12,
EPA01-129,EC12,
USGS341014116494801,EC12,
EPA01-429,EC12,
EPA01-146,EC12,
EPA01-525,EC12,
EPA01-S462-3,EC12,
EPA01-S10,EC12,
EPA01-S443,EC12,
EPA01-144,EC12,
EPA01-S204,EC12,
EPA01-410,EC12,
R5BIO-023,EC12,
EPA01-151,EC12,
EPA01-418,EC12,
EPA01-227,EC12,
EPA01-402,EC12,
EPAR8-05,EC12,
R5BIO-6474,EC12,
EPA01-106,EC12,
EPA01-251,EC12,
EPA01-101,EC12,
EPA01-S32,EC12,
WMTP99-R027,EC12,
EPA01-S9,EC12,
WCAP99-0845,EC12,
EPA01-S23,EC12,
WCAP99-0860,EC12,
EPA01-314,EC12,
EPA01-124,EC12,
EPA01-221,EC12,
WORP99-0787,EC12,
WMTP99-0609,EC12,
WIDP99-0615,EC12,
R5BIO-001,EC12,
EPA01-524,EC12,
EPA01-249,EC12,
Juniper,EC12,
EPA01-408,EC12,
WCAP99-0833,EC12,
EPA01-427,EC12,
EPA01-528,EC12,
EPAR8-06,EC12,
EPA01-260,EC12,
EPA01-126,EC12,
R5BIO-028,EC12,
EPAR8-A6,EC12,
EPA01-111,EC12,
EPAR8-A2,EC12,
EPA01-216,EC12,
EPA01-546,EC12,
WCAP99-0509,EC12,
EPA01-404,EC12,
EPA01-S457,EC12,
EPA01-S38,EC12,
EPA01-109,EC12,
EPA01-253,EC12,
ORDEQ25784,EC12,
Sagehen,EC12,
EPAR8-04,EC12,
Prosser.north,EC12,
WMTP99-R015,EC12,
EPA01-451,EC12,
EPA01-220,EC12,
EPA01-243,EC12,
WCAP99-0767,EC12,
EPA01-535,EC12,
WIDP99-0614,EC12,
EPA01-S203,EC12,
ORDEQ25324,EC12,
EPA01-125,EC12,
R5BIO-007,EC12,
WWAP99-0527,EC12,
EPA01-417,EC12,
EPA01-132,EC12,
Independence,EC12,
WAZP99-0639,EC12,
PIBO758,EC12,
EPA01-S40,EC12,
EPA01-123,EC12,
EPA01-229,EC12,
EPA01-S24,EC12,
R5BIO-6500,EC12,
EPA01-530,EC12,
EPA01-171,EC12,
R5BIO-6516,EC12,
EPA01-S823_3,EC12,
WMTP99-0607,EC12,
R5BIO-004,EC12,
EPA01-518,EC12,
PIBO737,EC12,
EPA01-447,EC12,
WWYP99-0600,EC12,
WMTP99-0600,EC12,
EPA01-139,EC12,
EPA01-S455,EC12,
EPA01-107,EC12,
WMTP99-R019,EC12,
EPA01-512,EC12,
WMTP99-R011,EC12,
WMTP99-0633,EC12,
EPA01-529,EC12,
PIBO191,EC12,
EPA01-549,EC12,
EPA01-538,EC12,
EPA01-547,EC12,
EPA01-516,EC12,
EPA01-440,EC12,
EPA01-128,EC12,
R5BIO-011,EC12,
EPA01-134,EC12,
EPA01-S419,EC12,
WCAP99-0831,EC12,
WMTP99-R002,EC12,
EPA01-153,EC12,
EPA01-552,EC12,
PIBO738,EC12,
EPA01-257,EC12,
EPA01-219,EC12,
EPA01-S245,EC12,
EPA01-409,EC12,
EPA01-541,EC12,
R5BIO-038,EC12,
EPA01-S509,EC12,
EPA01-236,EC12,
EPA01-234,EC12,
EPA01-S503,EC12,
PIBO425,EC12,
EPA01-228,EC12,
WWAP99-0630,EC12,
WCAP99-0527,EC12,
PIBO257,EC12,
EPA01-235,EC12,
EPA01-420,EC12,
WWAP99-0633,EC12,
EPA01-507,EC12,
EPA01-548,EC12,
EPA01-454,EC12,
EPA01-533,EC12,
PIBO419,EC12,
EPA01-169,EC12,
WWYP99-0610,EC12,
EPA01-202,EC12,
Lit.Truck.below,EC12,
EPA01-521,EC12,
WWYP99-0582,EC12,
EPA01-149,EC12,
WCAP99-0501,EC12,
EPA01-304,EC12,
WWYP99-0613,EC12,
EPA01-428,EC12,
EPA01-508,EC12,
EPA01-S209,EC12,
PIBO739,EC12,
EPA01-S507,EC12,
EPAR8-A4,EC12,
EPA01-S42,EC12,
EPA01-S496,EC12,
EPA01-531,EC12,
R5BIO-005,EC12,
EPA01-158,EC12,
EPA01-237,EC12,
EPA01-517,EC12,
EPA01-436,EC12,
EPAR8-A3,EC12,
EPA01-141,EC12,
EPA01-430,EC12,
EPA01-S237,EC12,
EPA01-542,EC12,
EPA01-135,EC12,
EPA01-536,EC12,
EPA01-103,EC12,
WCAP99-0905,EC12,
EPA01-250,EC12,
EPA01-S33,EC12,
EPA01-S39,EC12,
EPA01-431,EC12,
EPA01-543,EC12,
WIDP99-0607,EC12,
EPA01-553,EC12,
R5BIO-042,EC12,
EPA01-437,EC12,
EPA01-258,EC12,
EPA01-154,EC12,
EPA01-406,EC12,
EPA01-414,EC12,
WCOP99-0577,EC12,
WCOP99-0578,EC12,
EPA01-172,EC12,
EPA01-551,EC12,
EPA01-519,EC12,
EPA01-313,EC12,
WAZP99-0648,EC12,
USGS12413875,EC12,
WORP99-0780,EC12,
EPA01-133,EC12,
50PecosR803.7,EC12,
EPAR8-02,EC12,
EPA01-143,EC12,
EPA01-545,EC12,
EPA01-245,EC12,
EPA01-156,EC12,
EPA01-415,EC12,
EPA01-520,EC12,
EPA01-550,EC12,
EPA01-540,EC12,
EPA01-416,EC12,
EPA01-131,EC12,
EPAR8-01,EC12,
WAZP99-0681,EC12,
EPA01-439,EC12,
EPA01-453,EC12,
EPA01-157,EC12,
EPA01-445,EC12,
EPA01-155,EC12,
EPA01-434,EC12,
ORDEQ26834,EC12,
WORP99-0877,EC12,
ORDEQ21799,EC12,
WWAP99-0682,EC12,
EPA02-007,EC12,
EPA02-029,EC12,
YNP-110,EC12,
WWAP99-0705,EC12,
WMTP99-0716,EC12,
Trib.silver,EC12,
WNVP99-0617,EC12,
WORP99-0928,EC12,
WORP99-0821,EC12,
WCAP99-0844,EC12,
WNVP99-0680,EC12,
WCAP99-1065,EC12,
YNP-115,EC12,
WWAP99-0697,EC12,
WNVP99-0668,EC12,
EPA02-009,EC12,
ORDEQ26854,EC12,
WCAP99-1092,EC12,
WWAP99-0704,EC12,
EPA02-027,EC12,
PIBO136,EC12,
WCAP99-1055,EC12,
WNVP99-0615,EC12,
YNP-011,EC12,
ORDEQ26791,EC12,
Silver.cr,EC12,
EPA02-030,EC12,
WORP99-0879,EC12,
YNP-060,EC12,
EPA02-021,EC12,
EPA02-035,EC12,
WCOP99-0634,EC12,
EPA02-034,EC12,
EPA02-018,EC12,
EPA02-031,EC12,
WCAP99-0598,EC12,
WCAP99-0674,EC12,
WIDP99-0729,EC12,
YNP-017,EC12,
WYO-035,EC12,
EPA02-008,EC12,
WWYP99-0651,EC12,
WWAP99-0716,EC12,
WWAP99-0701,EC12,
ORDEQ26866,EC12,
YNP-113,EC12,
YNP-104,EC12,
PIBO777,EC12,
YNP-117,EC12,
WNVP99-0683,EC12,
EPA02-020,EC12,
07Manuel020.9,EC12,
WYO-031,EC12,
YNP-054,EC12,
Swauger.above,EC12,
EPA02-026,EC12,
WCAP99-1132,EC12,
YNP-055,EC12,
EPA02-017,EC12,
WCAP99-1002,EC12,
EPA02-024,EC12,
YNP-009,EC12,
WCAP99-1005,EC12,
WNVP99-0681,EC12,
EPA02-016,EC12,
ORDEQ26828,EC12,
07Sapell069.8,EC12,
EPA02-002,EC12,
EPA02-005,EC12,
WCAP99-0629,EC12,
WCAP99-0988,EC12,
EPA02-025,EC12,
WCAP99-0677,EC12,
WYO-042,EC12,
EPA02-001,EC12,
WYO-038,EC12,
YNP-012,EC12,
YNP-070,EC12,
EPA02-023,EC12,
PIBO195,EC12,
WYO-036,EC12,
ORDEQ29028,EC12,
EPA02-003,EC12,
WCOP99-0597,EC12,
WWAP99-0534,EC12,
EPA02-004,EC12,
MAD-004,EC12,
WAZP99-0783,EC12,
PIBO102,EC12,
EPA02-006,EC12,
WCAP99-1056,EC12,
WYO-040,EC12,
YNP-106,EC12,
WIDP99-0697,EC12,
WCAP99-1020,EC12,
WIDP99-0727,EC12,
YNP-072,EC12,
WCAP99-1079,EC12,
ORDEQ26861,EC12,
WCAP99-1035,EC12,
Cottonwood,EC12,
WMTP99-0705,EC12,
YNP-109,EC12,
WORP99-0864,EC12,
YNP-040,EC12,
ORDEQ29031,EC12,
EPA02-033,EC12,
PIBO207,EC12,
YNP-075,EC12,
WCAP99-1067,EC12,
Swauger.valdez,EC12,
EPA02-012,EC12,
WORP99-0830,EC12,
EPA02-028,EC12,
WCAP99-1050,EC12,
WWAP99-0676,EC12,
WYO-008,EC12,
WYO-030,EC12,
EPA02-032,EC12,
WCAP99-0991,EC12,
YNP-016,EC12,
ID-001,EC12,
EPA02-014,EC12,
ORDEQ29034,EC12,
EPA02-013,EC12,
WYO-044,EC12,
WCOP99-0626,EC12,
WYO-043,EC12,
WCAP99-1066,EC12,
WCAP99-0984,EC12,
WCOP99-0649,EC12,
PIBO188,EC12,
WNVP99-0677,EC12,
WWAP99-0736,EC12,
WYO-033,EC12,
WCOP99-0629,EC12,
YNP-057,EC12,
WYO-007,EC12,
YNP-108,EC12,
EPA02-015,EC12,
PIBO302,EC12,
PIBO856,EC12,
WWAP99-0532,EC12,
ORDEQ26806,EC12,
YNP-022,EC12,
WYO-041,EC12,
YNP-019,EC12,
YNP-037,EC12,
WCAP99-1028,EC12,
MAD-005,EC12,
PIBO408,EC12,
WMTP99-0507,EC12,
WUTP02-R002,EC12,
WYO-006,EC12,
WYO-005,EC12,
YNP-058,EC12,
YNP-005,EC12,
WCAP99-1074,EC12,
YNP-105,EC12,
WAZP99-0828,EC12,
WWYP99-0656,EC12,
WWYP99-0669,EC12,
WWAP99-0677,EC12,
ORDEQ26805,EC12,
WMTP99-0719,EC12,
WWalker.confl,EC12,
WWAP99-0735,EC12,
Lit.Walker.lower,EC12,
WAZP99-0768,EC12,
WWAP99-0713,EC12,
WWAP99-0733,EC12,
WYO-037,EC12,
YNP-102,EC12,
WYO-001,EC12,
YNP-101,EC12,
YNP-066,EC12,
EPA02-CC01,EC12,
WYO-039,EC12,
WCAP99-0837,EC12,
WYO-034,EC12,
YNP-071,EC12,
CR0350,EC12,
YNP-103,EC12,
YNP-112,EC12,
YNP-051,EC12,
WWAP99-0694,EC12,
WWAP99-0541,EC12,
WWAP99-0780,EC12,
WCAP99-R026,EC12,
WCAP99-R046,EC12,
WORP99-1016,EC12,
WWAP99-0538,EC12,
WCAP99-R029,EC12,
WCAP99-R092,EC12,
WMTP99-0523,EC12,
WWAP99-0566,EC12,
PIBO753,EC12,
epa03-144,EC12,
WMTP99-0839,EC12,
PIBO92,EC12,
EPA01-0305,EC12,
PIBO90,EC12,
WIDP99-0774,EC12,
WCAP99-R003,EC12,
WUTP02-R014,EC12,
PIBO202,EC12,
WUTP03-R031,EC12,
PIBO432,EC12,
EPA01-0214,EC12,
CO5548,EC12,
WCAP99-R016,EC12,
PIBO145,EC12,
WMTP99-0715,EC12,
WUTP99-0732,EC12,
WCAP99-R011,EC12,
epa03-147,EC12,
WCAP99-R047,EC12,
WWAP99-0776,EC12,
WMTP99-0707,EC12,
5775,EC12,
WCAP99-R036,EC12,
PIBO600,EC12,
PIBO186,EC12,
WMTP99-0838,EC12,
epa03-117,EC12,
WCAP99-R008,EC12,
WCAP99-R062,EC12,
PIBO457,EC12,
WORP99-0957,EC12,
epa03-154,EC12,
WCAP99-R082,EC12,
PIBO185,EC12,
epa03-2030,EC12,
WCAP99-R022,EC12,
WCAP99-R077,EC12,
WCAP99-R001,EC12,
WCOP99-0670,EC12,
PIBO416,EC12,
epa03-167,EC12,
WWAP99-0772,EC12,
WCAP99-0885,EC12,
WMTP99-0803,EC12,
epa03-107,EC12,
epa03-150,EC12,
309CAW126,EC12,
WCOP99-0633,EC12,
WCAP99-R012,EC12,
WCOP03-R005,EC12,
WWAP99-0768,EC12,
epa03-2026,EC12,
309CAW130,EC12,
WAZP99-0888,EC12,
epa03-164,EC12,
epa03-133,EC12,
WORP99-1019,EC12,
WWYP99-0553,EC12,
PIBO686,EC12,
WCOP03-R009,EC12,
WCAP99-0618,EC12,
WWAP99-0546,EC12,
epa03-108,EC12,
epa03-162,EC12,
PIBO183,EC12,
WWYP99-0717,EC12,
WAZP99-0868,EC12,
WIDP99-0768,EC12,
WCAP99-R037,EC12,
epa03-109,EC12,
WUTP99-0562,EC12,
epa03-119,EC12,
PIBO417,EC12,
WAZP99-0833,EC12,
WWAP99-0770,EC12,
WWYP99-0713,EC12,
EPA01-0212,EC12,
SP3602,EC12,
WUTP99-0728,EC12,
epa03-2048,EC12,
WUTP99-0733,EC12,
epa03-2016,EC12,
WCAP99-R052,EC12,
EPA01-0209,EC12,
309CAW194,EC12,
WWYP99-0707,EC12,
CO5588,EC12,
WWAP99-0537,EC12,
WWAP99-0764,EC12,
epa03-2003,EC12,
EPA01-0210,EC12,
WMTP99-0837,EC12,
WCAP99-0813,EC12,
WCAP03-R222,EC12,
EPA01-0421,EC12,
EPA01-0452,EC12,
UT25141,EC12,
527CE0093,EC12,
PIBO384,EC12,
634CE0482,EC12,
YNP-0039,EC12,
NV202758,EC12,
ORSE04-R010,EC12,
EPA01-0159,EC12,
WCAP03-R159,EC12,
WWAP04-R264,EC12,
ORSE04-R011,EC12,
WWAP04-R059,EC12,
EPA01-0239,EC12,
EPA01-0308,EC12,
EPA01-0242,EC12,
NV196887,EC12,
WYO-0032,EC12,
540CE0078,EC12,
509CE0081,EC12,
WWAP04-R041,EC12,
WWAP04-R048,EC12,
PIBO749,EC12,
307CE0094,EC12,
EPA01-0161,EC12,
PIBO671,EC12,
PIBO253,EC12,
ORSE04-R009,EC12,
PIBO293,EC12,
77Diamon033.2,EC12,
631CE0074,EC12,
EPA01-0167,EC12,
WCAP03-R208,EC12,
WCAP03-R242,EC12,
EPA01-0124,EC12,
1997SPOCA004,EC12,
EPA01-0240,EC12,
PIBO213,EC12,
PIBO210,EC12,
MT224909,EC12,
WWAP04-R043,EC12,
WCAP03-R245,EC12,
NV323432,EC12,
WCAP03-R219,EC12,
NV343320,EC12,
MT222052,EC12,
WAZP04-RPIN1,EC12,
PIBO637,EC12,
114CE0059,EC12,
EPA01-0147,EC12,
MAD-0003,EC12,
WCAP03-R237,EC12,
518CE0047,EC12,
48DogCan002.7,EC12,
EPA01-0450,EC12,
WCAP03-R244,EC12,
UT26728,EC12,
PIBO292,EC12,
NV379814,EC12,
PIBO12,EC12,
PIBO442,EC12,
EPA01-0432,EC12,
WCAP03-R325,EC12,
WCAP03-R236,EC12,
PIBO22,EC12,
PIBO1670,EC12,
PIBO367,EC12,
PIBO370,EC12,
PIBO681,EC12,
EPA01-0246,EC12,
2002STWFV008,EC12,
EPA01-0556,EC12,
WCAP03-R123,EC12,
PIBO740,EC12,
PIBO360,EC12,
PIBO682,EC12,
PIBO674,EC12,
PIBO669,EC12,
NV315740,EC12,
EPA01-0448,EC12,
PIBO267,EC12,
ORSE04-R003,EC12,
YNP-0073,EC12,
518CE0034,EC12,
UT16163,EC12,
637CE0511,EC12,
SHB-0315,EC12,
WCAP03-R318,EC12,
WAZP04-RCYN1,EC12,
SHB-0395,EC12,
PIBO261,EC12,
PIBO285,EC12,
PIBO218,EC12,
PIBO673,EC12,
WCOP04-R011,EC12,
28RSanBa017.9,EC12,
WAZP04-RRED1,EC12,
EPA01-0315,EC12,
80WhiteW008.8,EC12,
PIBO216,EC12,
522CE0027,EC12,
PIBO904,EC12,
WWAP04-R001,EC12,
NV84955,EC12,
50RioMor000.3,EC12,
WWAP04-R021,EC12,
WUTP04-R002,EC12,
1993SBOIA049,EC12,
EPA01-0537,EC12,
28RGRanc013.1,EC12,
EPA01-0555,EC12,
41LAnima029.3,EC12,
29RBrazo010.1,EC12,
WWAP04-R058,EC12,
WWAP99-0540,EC12,
WAZP04-RTRT1,EC12,
WMTP04-R006,EC12,
111CE0551,EC12,
PIBO1436,EC12,
CO12182,EC12,
PIBO1555,EC12,
PIBO1372,EC12,
PIBO1400,EC12,
PIBO620,EC12,
PIBO1286,EC12,
77IronCr009.7,EC12,
PIBO1538,EC12,
PIBO1345,EC12,
PIBO1446,EC12,
114CE0131,EC12,
31RVacas026.5,EC12,
AR0346,EC12,
PIBO1672,EC12,
PIBO1278,EC12,
539CE0110,EC12,
PIBO75,EC12,
PIBO1401,EC12,
7130,EC12,
PIBO1673,EC12,
PIBO1347,EC12,
105CE0149,EC12,
PIBO1288,EC12,
PIBO1509,EC12,
PIBO1664,EC12,
PIBO1427,EC12,
PIBO1439,EC12,
PIBO1349,EC12,
509CE0162,EC12,
PIBO1313,EC12,
PIBO1340,EC12,
PIBO1344,EC12,
AR0794,EC12,
PIBO1368,EC12,
PIBO1545,EC12,
536CE0106,EC12,
113CE0097,EC12,
27RPinos007.3,EC12,
109CE0101,EC12,
518CE0114,EC12,
526CE0565,EC12,
PIBO1818,EC12,
PIBO1780,EC12,
PIBO1834,EC12,
PIBO422,EC12,
537CE0238,EC12,
PIBO1832,EC12,
PIBO1993,EC12,
106CE0521,EC12,
PIBO763,EC12,
PIBO1820,EC12,
PIBO1793,EC12,
PIBO1778,EC12,
PIBO1954,EC12,
PIBO192,EC12,
PIBO1835,EC12,
PIBO190,EC12,
532TGRUPx,EC12,
514BRUUPx,EC12,
PIBO1773,EC12,
PIBO1952,EC12,
PIBO1779,EC12,
PIBO1946,EC12,
PIBO1789,EC12,
PIBO1791,EC12,
554CE0204,EC12,
PIBO1919,EC12,
PIBO1926,EC12,
PIBO1857,EC12,
PIBO1790,EC12,
PIBO1958,EC12,
PIBO1955,EC12,
518LSTUPx,EC12,
518GZCUPx,EC12,
PIBO1816,EC12,
PIBO1915,EC12,
PIBO1819,EC12,
PIBO1858,EC12,
PIBO1788,EC12,
PIBO1792,EC12,
PIBO176,EC12,
PIBO175,EC12,
PIBO1768,EC12,
CO8355,EC12,
PIBO1821,EC12,
PIBO1916,EC12,
11206,EC12,
517CE0287,EC12,
PIBO1991,EC12,
11208,EC12,
PIBO1956,EC12,
PIBO193,EC12,
514RCRUPx,EC12,
522CE0231,EC12,
CO5341,EC12,
CO8101,EC12,
536CE0330,EC12,
PIBO2246,EC12,
518CE0338,EC12,
105CE0329,EC12,
526CE0317,EC12,
10666,EC12,
PIBO2299,EC12,
PIBO2031,EC12,
PIBO2128,EC12,
PIBO2137,EC12,
PIBO395,EC12,
PIBO901,EC12,
PIBO2317,EC12,
10672,EC12,
50Gallin141.9,EC12,
PIBO2207,EC12,
106CE0377,EC12,
5776A,EC12,
PIBO2269,EC12,
5772A,EC12,
PIBO2234,EC12,
PIBO2321,EC12,
PIBO2192,EC12,
PIBO409,EC12,
PIBO2116,EC12,
PIBO2140,EC12,
SRBWL005.79,EC12,
PIBO2257,EC12,
5779B,EC12,
29RPuerc037.5,EC12,
50Gallin140.8,EC12,
PIBO2017,EC12,
PIBO2309,EC12,
PIBO2308,EC12,
PIBO2279,EC12,
PIBO2187,EC12,
PIBO2276,EC12,
PIBO234,EC12,
PIBO2217,EC12,
PIBO2168,EC12,
PIBO187,EC12,
PIBO303,EC12,
PIBO2213,EC12,
PIBO2314,EC12,
10905G,EC12,
10917,EC12,
PIBO2307,EC12,
10262,EC12,
10559,EC12,
10558,EC12,
USGS13091995,EC12,
526CE0323,EC12,
29RChama183.4,EC12,
77WFkGil010.0,EC12,
509CE0305,EC12,
77MFkGil000.1,EC12,
10UteCre150.7,EC12,
USGS13107200,EC12,
PIBO683,EC12,
PIBO2587,EC12,
PIBO413,EC12,
PIBO1668,EC12,
PIBO276,EC12,
PIBO240,EC12,
PIBO1669,EC12,
PIBO804,EC12,
PIBO1007,EC12,
PIBO458,EC12,
526PSCBBL,EC12,
PIBO2296,EC12,
PIBO755,EC12,
PIBO194,EC12,
509BCCH32,EC12,
PIBO2297,EC12,
PIBO412,EC12,
PIBO435,EC12,
PIBO184,EC12,
PIBO437,EC12,
PIBO2298,EC12,
PIBO411,EC12,
SRWFB005.34,EC12,
309SARANF,EC12,
USGS402114105350101,EC12,
PIBO2081,EC12,
309ARCBRC,EC12,
VRWBV012.56,EC12,
509DCPWxx,EC12,
USGS13147900,EC12,
PIBO229,EC12,
PIBO170,EC12,
PIBO281,EC12,
PIBO636,EC12,
PIBO89,EC12,
PIBO389,EC12,
PIBO266,EC12,
PIBO748,EC12,
PIBO633,EC12,
PIBO675,EC12,
PIBO932,EC12,
PIBO677,EC12,
PIBO126,EC12,
PIBO279,EC12,
PIBO371,EC12,
PIBO286,EC12,
PIBO676,EC12,
PIBO679,EC12,
PIBO451,EC12,
PIBO680,EC12,
PIBO375,EC12,
PIBO741,EC12,
PIBO678,EC12,
PIBO246,EC12,
PIBO1992,EC12,
PIBO390,EC12,
PIBO358,EC12,
PIBO381,EC12,
PIBO668,EC12,
4.04751E+14,WestWide,7326
8059,WestWide,8059
9505800,WestWide,8165
12056500,WestWide,9735
12117000,WestWide,9798
12117695,WestWide,9800
12177450,WestWide,9812
12178400,WestWide,9814
11367808,WestWide,9896
11384004,WestWide,9926
11383500,WestWide,9956
3.94344E+14,WestWide,9964
3.95432E+14,WestWide,9966
3.95336E+14,WestWide,9982
4.00609E+14,WestWide,9988
4.01116E+14,WestWide,9990
9112200,WestWide,10836
9010500,WestWide,10856
12352500,WestWide,11606
12413875,WestWide,11636
3.74752E+14,WestWide,11909
4.65637E+14,WestWide,16357
8227000,WestWide,16390
CO8106,WestWide,16502
8313350,WestWide,16535
6752000,WestWide,16969
4.10148E+14,WestWide,23588
4.10522E+14,WestWide,23595
4.03818E+14,WestWide,23681
5920180,WestWide,23689
4.04707E+14,WestWide,23691
10172200,WestWide,23719
10309010,WestWide,25354
10309500,WestWide,25411
13091995,WestWide,26191
13107200,WestWide,26203
13135350,WestWide,26206
13147900,WestWide,26209
13010065,WestWide,26216
13023700,WestWide,26220
13075983,WestWide,26236
13116500,WestWide,26240
13019438,WestWide,26251
13022970,WestWide,26255
13044550,WestWide,26259
13047500,WestWide,26263
13054300,WestWide,26267
13120500,WestWide,26316
4.41549E+14,WestWide,26404
4.44002E+14,WestWide,26422
14200400,WestWide,26443
14203750,WestWide,26453
11218500,WestWide,26891
3.73222E+14,WestWide,26972
3.73901E+14,WestWide,26978
3.74435E+14,WestWide,26990
3.74442E+14,WestWide,26994
11264500,WestWide,27027
11266500,WestWide,27031
3.74417E+14,WestWide,27044
3.74421E+14,WestWide,27048
3.74434E+14,WestWide,27052
3.74434E+14,WestWide,27056
4.7251E+14,WestWide,58285
4.72304E+14,WestWide,58324
6187915,WestWide,58785
6191500,WestWide,58884
6192500,WestWide,58904
6298000,WestWide,59139
12354000,WestWide,60164
12413118,WestWide,60980
12411000,WestWide,61730
4.74206E+14,WestWide,61738
12413000,WestWide,61750
12506000,WestWide,63122
12502500,WestWide,63561
12508500,WestWide,63578
10011500,WestWide,87087
3.41014E+14,WestWide,87643
GS42-1,WestWide,95383
12508480,WestWide,120225
12462640,WestWide,120747
EPA01-101,WestWide,HAWK-1
EPA01-111,WestWide,HAWK-10
EPA01-242,WestWide,HAWK-100
EPA01-243,WestWide,HAWK-101
EPA01-245,WestWide,HAWK-102
EPA01-246,WestWide,HAWK-103
EPA01-247,WestWide,HAWK-104
EPA01-248,WestWide,HAWK-105
EPA01-249,WestWide,HAWK-106
EPA01-250,WestWide,HAWK-107
EPA01-251,WestWide,HAWK-108
EPA01-252,WestWide,HAWK-109
EPA01-112,WestWide,HAWK-11
EPA01-253,WestWide,HAWK-110
EPA01-254,WestWide,HAWK-111
EPA01-256,WestWide,HAWK-112
EPA01-257,WestWide,HAWK-113
EPA01-258,WestWide,HAWK-114
EPA01-260,WestWide,HAWK-116
EPA01-261,WestWide,HAWK-117
EPA01-301,WestWide,HAWK-119
EPA01-302,WestWide,HAWK-120
EPA01-303,WestWide,HAWK-121
EPA01-304,WestWide,HAWK-122
EPA01-305,WestWide,HAWK-123
EPA01-308,WestWide,HAWK-126
EPA01-310,WestWide,HAWK-127
EPA01-403,WestWide,HAWK-133
EPA01-404,WestWide,HAWK-134
EPA01-406,WestWide,HAWK-136
EPA01-407,WestWide,HAWK-137
EPA01-408,WestWide,HAWK-138
EPA01-409,WestWide,HAWK-139
EPA01-115,WestWide,HAWK-14
EPA03-137,WestWide,HAWK-141
EPA01-413,WestWide,HAWK-142
EPA01-414,WestWide,HAWK-143
EPA01-416,WestWide,HAWK-145
EPA01-417,WestWide,HAWK-146
EPA01-418,WestWide,HAWK-147
EPA01-419,WestWide,HAWK-148
EPA01-421,WestWide,HAWK-149
EPA01-116,WestWide,HAWK-15
EPA01-423,WestWide,HAWK-150
EPA01-424,WestWide,HAWK-151
EPA01-425,WestWide,HAWK-152
EPA01-426,WestWide,HAWK-153
EPA01-429,WestWide,HAWK-156
EPA01-430,WestWide,HAWK-157
EPA01-431,WestWide,HAWK-158
EPA01-432,WestWide,HAWK-159
EPA01-117,WestWide,HAWK-16
EPA01-434,WestWide,HAWK-160
EPA01-435,WestWide,HAWK-161
EPA01-436,WestWide,HAWK-162
EPA01-437,WestWide,HAWK-163
EPA01-438,WestWide,HAWK-164
EPA01-439,WestWide,HAWK-165
EPA01-440,WestWide,HAWK-166
EPA01-441,WestWide,HAWK-167
EPA01-443,WestWide,HAWK-169
EPA01-445,WestWide,HAWK-170
EPA01-446,WestWide,HAWK-171
EPA01-447,WestWide,HAWK-172
EPA01-448,WestWide,HAWK-173
EPA01-449,WestWide,HAWK-174
ECO-22,WestWide,HAWK-175
EPA01-451,WestWide,HAWK-176
EPA01-452,WestWide,HAWK-177
EPA01-454,WestWide,HAWK-179
EPA01-121,WestWide,HAWK-18
EPA01-122,WestWide,HAWK-19
EPA01-501,WestWide,HAWK-194
EPA01-502,WestWide,HAWK-195
EPA01-503,WestWide,HAWK-196
EPA01-504,WestWide,HAWK-197
EPA01-505,WestWide,HAWK-198
EPA01-506,WestWide,HAWK-199
EPA01-102,WestWide,HAWK-2
EPA01-123,WestWide,HAWK-20
EPA01-507,WestWide,HAWK-200
EPA01-508,WestWide,HAWK-201
EPA01-509,WestWide,HAWK-202
EPA01-510,WestWide,HAWK-203
EPA01-512,WestWide,HAWK-204
EPA01-513,WestWide,HAWK-205
EPA01-514,WestWide,HAWK-206
EPA01-516,WestWide,HAWK-208
EPA01-517,WestWide,HAWK-209
EPA01-518,WestWide,HAWK-210
EPA01-519,WestWide,HAWK-211
EPA01-520,WestWide,HAWK-212
EPA01-521,WestWide,HAWK-213
EPA01-524,WestWide,HAWK-215
WB15,WestWide,HAWK-216
EPA01-528,WestWide,HAWK-217
EPA01-529,WestWide,HAWK-218
EPA01-530,WestWide,HAWK-219
EPA01-125,WestWide,HAWK-22
SR15,WestWide,HAWK-220
EPA01-533,WestWide,HAWK-222
EPA01-535,WestWide,HAWK-223
EPA01-536,WestWide,HAWK-224
EPA01-537,WestWide,HAWK-225
EPA01-538,WestWide,HAWK-226
EPA01-539,WestWide,HAWK-227
EPA01-540,WestWide,HAWK-228
EPA01-542,WestWide,HAWK-230
EPA01-543,WestWide,HAWK-231
EPA01-546,WestWide,HAWK-233
EPA01-547,WestWide,HAWK-234
EPA01-548,WestWide,HAWK-235
EPA01-549,WestWide,HAWK-236
EPA01-550,WestWide,HAWK-237
EPA01-127,WestWide,HAWK-24
EPA01-555,WestWide,HAWK-241
ECO-03,WestWide,HAWK-242
EPA01-S1005,WestWide,HAWK-244
EPA01-S203,WestWide,HAWK-246
EPA01-S209,WestWide,HAWK-249
EPA01-128,WestWide,HAWK-25
EPA01-S216,WestWide,HAWK-250
EPA01-S219,WestWide,HAWK-251
EPA01-S221,WestWide,HAWK-252
EPA01-S224,WestWide,HAWK-254
EPA01-S234,WestWide,HAWK-258
EPA01-129,WestWide,HAWK-26
EPA01-S24,WestWide,HAWK-260
EPA01-S245,WestWide,HAWK-262
EPA01-S251,WestWide,HAWK-263
EPA01-S30,WestWide,HAWK-264
EPA01-S32,WestWide,HAWK-265
EPA01-S33,WestWide,HAWK-266
EPA01-S38,WestWide,HAWK-267
EPA01-S39,WestWide,HAWK-268
EPA01-S40,WestWide,HAWK-269
EPA01-131,WestWide,HAWK-27
EPA01-S402,WestWide,HAWK-270
EPA01-S419,WestWide,HAWK-271
EPA01-S42,WestWide,HAWK-272
EPA01-S457,WestWide,HAWK-275
EPA01-S463,WestWide,HAWK-277
EPA01-S471,WestWide,HAWK-278
EPA01-S477,WestWide,HAWK-279
EPA01-132,WestWide,HAWK-28
21881,WestWide,HAWK-280
EPA01-S503,WestWide,HAWK-282
EPA01-S504,WestWide,HAWK-283
EPA01-S507,WestWide,HAWK-284
EPA01-S774,WestWide,HAWK-285
EPA01-S8,WestWide,HAWK-286
EPA01-S823,WestWide,HAWK-287
EPA01-S9,WestWide,HAWK-288
EPA02-001,WestWide,HAWK-289
EPA01-133,WestWide,HAWK-29
EPA02-002,WestWide,HAWK-290
EPA02-003,WestWide,HAWK-291
EPA02-004,WestWide,HAWK-292
EPA02-005,WestWide,HAWK-293
EPA02-006,WestWide,HAWK-294
EPA02-007,WestWide,HAWK-295
EPA02-008,WestWide,HAWK-296
EPA02-009,WestWide,HAWK-297
EPA02-010,WestWide,HAWK-298
EPA02-012,WestWide,HAWK-299
EPA01-103,WestWide,HAWK-3
EPA01-134,WestWide,HAWK-30
EPA02-014,WestWide,HAWK-301
EPA02-015,WestWide,HAWK-302
EPA02-016,WestWide,HAWK-303
EPA02-017,WestWide,HAWK-304
HUM03Stewart-1,WestWide,HAWK-305
EPA02-019,WestWide,HAWK-306
EPA02-020,WestWide,HAWK-307
EPA02-021,WestWide,HAWK-308
EPA02-023,WestWide,HAWK-309
EPA01-135,WestWide,HAWK-31
EPA02-024,WestWide,HAWK-310
EPA02-026,WestWide,HAWK-311
EPA02-027,WestWide,HAWK-312
EPA02-028,WestWide,HAWK-313
EPA02-029,WestWide,HAWK-314
EPA02-030,WestWide,HAWK-315
EPA02-031,WestWide,HAWK-316
EPA02-032,WestWide,HAWK-317
EPA02-034,WestWide,HAWK-319
EPA01-136,WestWide,HAWK-32
EPA02-035,WestWide,HAWK-320
EPAR8-04,WestWide,HAWK-328
EPAR8-05,WestWide,HAWK-329
EPA01-137,WestWide,HAWK-33
EPAR8-06,WestWide,HAWK-330
EPAR8-A2,WestWide,HAWK-335
EPAR8-A5,WestWide,HAWK-337
EPAR8-A6,WestWide,HAWK-338
EPAR8-A7,WestWide,HAWK-339
EPA01-138,WestWide,HAWK-34
R5BIO-001,WestWide,HAWK-341
R5BIO-003,WestWide,HAWK-343
R5BIO-005,WestWide,HAWK-345
R5BIO-006,WestWide,HAWK-346
R5BIO-008,WestWide,HAWK-348
R5BIO-009,WestWide,HAWK-349
EPA01-139,WestWide,HAWK-35
R5BIO-010,WestWide,HAWK-350
R5BIO-011,WestWide,HAWK-351
R5BIO-012,WestWide,HAWK-352
R5BIO-014,WestWide,HAWK-354
BIGMEADOW2,WestWide,HAWK-355
R5BIO-020,WestWide,HAWK-357
R5BIO-022,WestWide,HAWK-358
EPA01-141,WestWide,HAWK-36
R5BIO-024,WestWide,HAWK-360
R5BIO-025,WestWide,HAWK-361
R5BIO-026,WestWide,HAWK-362
R5BIO-027,WestWide,HAWK-363
R5BIO-028,WestWide,HAWK-364
R5BIO-031,WestWide,HAWK-365
R5BIO-033,WestWide,HAWK-367
R5BIO-034,WestWide,HAWK-368
R5BIO-035,WestWide,HAWK-369
EPA01-142,WestWide,HAWK-37
R5BIO-036,WestWide,HAWK-370
R5BIO-038,WestWide,HAWK-371
R5BIO-042,WestWide,HAWK-375
R5BIO-044,WestWide,HAWK-377
R5BIO-045,WestWide,HAWK-378
R5BIO-046,WestWide,HAWK-379
R5BIO-047,WestWide,HAWK-380
R5BIO-048,WestWide,HAWK-381
R5BIO-049,WestWide,HAWK-382
R5BIO-108,WestWide,HAWK-386
R5BIO-109,WestWide,HAWK-387
R5BIO-110,WestWide,HAWK-388
R5BIO-112,WestWide,HAWK-389
R5BIO-113,WestWide,HAWK-390
R5BIO-114,WestWide,HAWK-391
R5BIO-115,WestWide,HAWK-392
R5BIO-116,WestWide,HAWK-393
R5BIO-117,WestWide,HAWK-394
R5BIO-119,WestWide,HAWK-395
R5BIO-121,WestWide,HAWK-396
R5BIO-123,WestWide,HAWK-398
R5BIO-124,WestWide,HAWK-399
EPA01-145,WestWide,HAWK-40
R5BIO-127,WestWide,HAWK-400
R5BIO-128,WestWide,HAWK-401
R5BIO-129,WestWide,HAWK-402
R5BIO-130,WestWide,HAWK-403
R5BIO-131,WestWide,HAWK-404
R5BIO-133,WestWide,HAWK-405
R5BIO-134,WestWide,HAWK-406
R5BIO-135,WestWide,HAWK-407
R5BIO-137,WestWide,HAWK-409
EPA01-0147,WestWide,HAWK-41
R5BIO-139,WestWide,HAWK-410
R5BIO-140,WestWide,HAWK-411
R5BIO-141,WestWide,HAWK-412
R5BIO-142,WestWide,HAWK-413
R5BIO-144,WestWide,HAWK-414
R5BIO-145,WestWide,HAWK-415
R5BIO-146,WestWide,HAWK-416
R5BIO-147,WestWide,HAWK-417
R5BIO-148,WestWide,HAWK-418
R5BIO-150,WestWide,HAWK-419
EPA01-148,WestWide,HAWK-42
R5BIO-151,WestWide,HAWK-420
R5BIO-152,WestWide,HAWK-421
R5BIO-153,WestWide,HAWK-422
R5BIO-157,WestWide,HAWK-423
R5BIO-158,WestWide,HAWK-424
R5BIO-159,WestWide,HAWK-425
R5BIO-161,WestWide,HAWK-426
R5BIO-201,WestWide,HAWK-427
R5BIO-203,WestWide,HAWK-429
EPA01-149,WestWide,HAWK-43
R5BIO-204,WestWide,HAWK-430
R5BIO-205,WestWide,HAWK-431
R5BIO-206,WestWide,HAWK-432
R5BIO-207,WestWide,HAWK-433
R5BIO-208,WestWide,HAWK-434
R5BIO-209,WestWide,HAWK-435
R5BIO-213,WestWide,HAWK-437
R5BIO-215,WestWide,HAWK-439
EPA01-151,WestWide,HAWK-44
R5BIO-216,WestWide,HAWK-440
R5BIO-219,WestWide,HAWK-443
R5BIO-222,WestWide,HAWK-446
R5BIO-223,WestWide,HAWK-447
R5BIO-224,WestWide,HAWK-448
R5BIO-225,WestWide,HAWK-449
EPA01-152,WestWide,HAWK-45
R5BIO-226,WestWide,HAWK-450
R5BIO-228,WestWide,HAWK-452
R5BIO-231,WestWide,HAWK-454
R5BIO-232,WestWide,HAWK-455
R5BIO-233,WestWide,HAWK-456
R5BIO-235,WestWide,HAWK-457
R5BIO-236,WestWide,HAWK-458
R5BIO-237,WestWide,HAWK-459
EPA01-153,WestWide,HAWK-46
R5BIO-239,WestWide,HAWK-461
R5BIO-240,WestWide,HAWK-462
R5BIO-241,WestWide,HAWK-463
R5BIO-242,WestWide,HAWK-464
R5BIO-243,WestWide,HAWK-465
R5BIO-244,WestWide,HAWK-466
R5BIO-246,WestWide,HAWK-468
R5BIO-248,WestWide,HAWK-469
EPA01-154,WestWide,HAWK-47
R5BIO-304,WestWide,HAWK-471
R5BIO-307,WestWide,HAWK-472
R5BIO-308,WestWide,HAWK-473
R5BIO-311,WestWide,HAWK-475
R5BIO-313,WestWide,HAWK-476
R5BIO-314,WestWide,HAWK-477
R5BIO-315,WestWide,HAWK-478
R5BIO-316,WestWide,HAWK-479
EPA01-155,WestWide,HAWK-48
R5BIO-317,WestWide,HAWK-480
R5BIO-318,WestWide,HAWK-481
R5BIO-319,WestWide,HAWK-482
R5BIO-320,WestWide,HAWK-483
R5BIO-321,WestWide,HAWK-484
R5BIO-322,WestWide,HAWK-485
R5BIO-323,WestWide,HAWK-486
R5BIO-324,WestWide,HAWK-487
R5BIO-325,WestWide,HAWK-488
R5BIO-326,WestWide,HAWK-489
R5BIO-327,WestWide,HAWK-490
R5BIO-403,WestWide,HAWK-492
R5BIO-404,WestWide,HAWK-493
R5BIO-410,WestWide,HAWK-495
R5BIO-416,WestWide,HAWK-499
EPA01-105,WestWide,HAWK-5
EPA01-157,WestWide,HAWK-50
R5BIO-420,WestWide,HAWK-502
R5BIO-423,WestWide,HAWK-503
R5BIO-424,WestWide,HAWK-504
R5BIO-426,WestWide,HAWK-506
R5BIO-427,WestWide,HAWK-507
R5BIO-429,WestWide,HAWK-509
EPA01-158,WestWide,HAWK-51
R5BIO-431,WestWide,HAWK-511
R5BIO-432,WestWide,HAWK-512
R5BIO-6466,WestWide,HAWK-514
R5BIO-6468,WestWide,HAWK-515
R5BIO-6470,WestWide,HAWK-516
R5BIO-6472,WestWide,HAWK-517
R5BIO-6478,WestWide,HAWK-520
R5BIO-6480,WestWide,HAWK-521
R5BIO-6484,WestWide,HAWK-523
R5BIO-6486,WestWide,HAWK-524
R5BIO-6488,WestWide,HAWK-525
R5BIO-6492,WestWide,HAWK-527
R5BIO-6494,WestWide,HAWK-528
EPA01-0159,WestWide,HAWK-53
R5BIO-6498,WestWide,HAWK-530
R5BIO-6500,WestWide,HAWK-531
R5BIO-6502,WestWide,HAWK-532
R5BIO-6504,WestWide,HAWK-533
R5BIO-6508,WestWide,HAWK-534
R5BIO-6510,WestWide,HAWK-535
R5BIO-6512,WestWide,HAWK-536
R5BIO-6516,WestWide,HAWK-538
R5BIO-6518,WestWide,HAWK-539
EPA01-162,WestWide,HAWK-54
R5BIO-6520,WestWide,HAWK-540
R5BIO-6522,WestWide,HAWK-541
R5BIO-6524,WestWide,HAWK-542
R5BIO-6526,WestWide,HAWK-543
EPA01-164,WestWide,HAWK-55
EPA01-165,WestWide,HAWK-56
EPA01-166,WestWide,HAWK-57
EPA01-167,WestWide,HAWK-58
EPA01-168,WestWide,HAWK-59
EPA01-106,WestWide,HAWK-6
EPA01-169,WestWide,HAWK-60
EPA01-171,WestWide,HAWK-61
EPA01-201,WestWide,HAWK-63
EPA01-205,WestWide,HAWK-67
EPA01-206,WestWide,HAWK-68
EPA01-207,WestWide,HAWK-69
EPA01-107,WestWide,HAWK-7
EPA01-209,WestWide,HAWK-70
EPA01-210,WestWide,HAWK-71
EPA01-212,WestWide,HAWK-72
EPA01-213,WestWide,HAWK-73
EPA01-214,WestWide,HAWK-74
EPA01-215,WestWide,HAWK-75
EPA01-216,WestWide,HAWK-76
EPA01-217,WestWide,HAWK-77
EPA01-218,WestWide,HAWK-78
EPA01-219,WestWide,HAWK-79
EPA01-220,WestWide,HAWK-80
EPA01-223,WestWide,HAWK-82
EPA01-224,WestWide,HAWK-83
EPA01-226,WestWide,HAWK-85
EPA01-227,WestWide,HAWK-86
EPA01-228,WestWide,HAWK-87
EPA01-229,WestWide,HAWK-88
EPA01-230,WestWide,HAWK-89
EPA01-109,WestWide,HAWK-9
EPA01-231,WestWide,HAWK-90
EPA01-232,WestWide,HAWK-91
URM-003,WestWide,HAWK-92
EPA01-235,WestWide,HAWK-93
EPA01-236,WestWide,HAWK-94
EPA01-237,WestWide,HAWK-95
EPA01-239,WestWide,HAWK-97
EPA01-0240,WestWide,HAWK-98
EPA01-241,WestWide,HAWK-99
EPA01-108,WestWide,R6REM-1
EPA01-206,WestWide,R6REM-11
#N/A,WestWide,R6REM-2
#N/A,WestWide,R6REM-3
#N/A,WestWide,R6REM-4
#N/A,WestWide,R6REM-6
#N/A,WestWide,R6REM-8
WCAP99-0618,WestWide,WE-100
WWAP99-0768,WestWide,WE-1002
WWAP99-0770,WestWide,WE-1003
WWAP99-0772,WestWide,WE-1004
WWAP99-0776,WestWide,WE-1005
WWYP99-0515,WestWide,WE-1016
WWYP99-0537,WestWide,WE-1028
WWYP99-0553,WestWide,WE-1031
WWYP99-0582,WestWide,WE-1033
WWYP99-0587,WestWide,WE-1036
WWYP99-0600,WestWide,WE-1047
WWYP99-0610,WestWide,WE-1055
WWYP99-0651,WestWide,WE-1061
WWYP99-0656,WestWide,WE-1065
WWYP99-0657,WestWide,WE-1066
WWYP99-0707,WestWide,WE-1078
WWYP99-0708,WestWide,WE-1079
WCAP99-0662,WestWide,WE-108
WWYP99-0713,WestWide,WE-1082
WWYP99-0717,WestWide,WE-1085
WCAP99-0674,WestWide,WE-110
WCAP99-0747,WestWide,WE-118
WCAP99-0755,WestWide,WE-121
WCAP99-0758,WestWide,WE-126
WCAP99-0767,WestWide,WE-131
WCAP99-0777,WestWide,WE-133
WCAP99-0779,WestWide,WE-134
WCAP99-0780,WestWide,WE-135
WCAP99-0794,WestWide,WE-138
WAZP99-0551,WestWide,WE-14
WCAP99-0798,WestWide,WE-141
WCAP99-0803,WestWide,WE-142
WCAP99-0810,WestWide,WE-145
WCAP99-0816,WestWide,WE-148
WCAP99-0831,WestWide,WE-151
WCAP99-0833,WestWide,WE-153
WCAP99-0845,WestWide,WE-159
WCAP99-0860,WestWide,WE-161
WCAP99-0862,WestWide,WE-162
WCAP99-0864,WestWide,WE-163
WCAP99-0883,WestWide,WE-165
WCAP99-0905,WestWide,WE-174
WCAP99-0984,WestWide,WE-177
WCAP99-0988,WestWide,WE-178
WCAP99-1005,WestWide,WE-186
WCAP99-1008,WestWide,WE-187
WCAP99-1020,WestWide,WE-191
WCAP99-1028,WestWide,WE-194
WCAP99-1035,WestWide,WE-196
WAZP99-0569,WestWide,WE-20
WCAP99-1050,WestWide,WE-200
WCAP99-1055,WestWide,WE-202
WCAP99-1056,WestWide,WE-203
WCAP99-1062,WestWide,WE-206
WCAP99-1065,WestWide,WE-209
WAZP99-0590,WestWide,WE-21
WCAP99-1066,WestWide,WE-210
WCAP99-1067,WestWide,WE-211
WCAP99-1071,WestWide,WE-212
WAZP99-0598,WestWide,WE-22
WCAP99-1100,WestWide,WE-220
WCAP99-1102,WestWide,WE-221
WCAP99-1132,WestWide,WE-228
R5BIO-003,WestWide,WE-230
R5BIO-006,WestWide,WE-231
WCAP99-R012,WestWide,WE-233
WCAP99-R016,WestWide,WE-235
WCAP99-R026,WestWide,WE-237
WCAP99-R037,WestWide,WE-241
WCAP99-R052,WestWide,WE-244
WCOP03-R005,WestWide,WE-280
WCOP03-R009,WestWide,WE-284
EPA01-261,WestWide,WE-285
WCOP99-0503,WestWide,WE-287
WCOP99-0505,WestWide,WE-288
WCOP99-0577,WestWide,WE-313
WCOP99-0597,WestWide,WE-318
WCOP99-0626,WestWide,WE-323
WCOP99-0634,WestWide,WE-328
WCOP99-0647,WestWide,WE-332
WCOP99-0649,WestWide,WE-333
WCOP99-0670,WestWide,WE-335
WIDP99-0501,WestWide,WE-338
WIDP99-0502,WestWide,WE-339
WIDP99-0503,WestWide,WE-340
WIDP99-0508,WestWide,WE-342
WIDP99-0510,WestWide,WE-343
WIDP99-0514,WestWide,WE-345
WIDP99-0516,WestWide,WE-350
WIDP99-0520,WestWide,WE-351
WIDP99-0524,WestWide,WE-352
WIDP99-0599,WestWide,WE-356
WIDP99-0602,WestWide,WE-358
WIDP99-0607,WestWide,WE-363
WIDP99-0614,WestWide,WE-367
WIDP99-0697,WestWide,WE-372
WIDP99-0768,WestWide,WE-385
WIDP99-0770,WestWide,WE-388
WIDP99-0774,WestWide,WE-390
WMTP99-0516,WestWide,WE-397
WMTP99-0600,WestWide,WE-410
WMTP99-0607,WestWide,WE-412
WMTP99-0609,WestWide,WE-414
WMTP99-0633,WestWide,WE-419
WMTP99-0705,WestWide,WE-431
WMTP99-0716,WestWide,WE-436
WMTP99-0803,WestWide,WE-451
WMTP99-0839,WestWide,WE-454
WAZP99-0768,WestWide,WE-47
WAZP99-0783,WestWide,WE-48
WAZP99-0828,WestWide,WE-49
WAZP99-0833,WestWide,WE-50
WNVP99-0514,WestWide,WE-544
WNVP99-0561,WestWide,WE-557
WAZP99-0868,WestWide,WE-56
WNVP99-0617,WestWide,WE-571
WAZP99-0888,WestWide,WE-58
WNVP99-0668,WestWide,WE-583
WNVP99-0677,WestWide,WE-588
WNVP99-0680,WestWide,WE-590
WORP99-0503,WestWide,WE-595
WCAP99-0501,WestWide,WE-62
WCAP99-0503,WestWide,WE-63
WORP99-0657,WestWide,WE-636
WORP99-0677,WestWide,WE-643
WORP99-0691,WestWide,WE-645
WORP99-0710,WestWide,WE-650
WORP99-0780,WestWide,WE-668
WORP99-0787,WestWide,WE-669
WORP99-0830,WestWide,WE-682
WORP99-0864,WestWide,WE-691
WORP99-0877,WestWide,WE-694
WORP99-0879,WestWide,WE-695
WORP99-0950,WestWide,WE-715
WORP99-0957,WestWide,WE-719
WCAP99-0521,WestWide,WE-72
WCAP99-0527,WestWide,WE-73
WORP99-1019,WestWide,WE-731
WCAP99-0536,WestWide,WE-76
WUTP02-R002,WestWide,WE-834
WUTP02-R013,WestWide,WE-843
WUTP02-R014,WestWide,WE-844
WUTP03-R009,WestWide,WE-855
WUTP99-0501,WestWide,WE-857
WUTP99-0514,WestWide,WE-864
WUTP99-0517,WestWide,WE-866
WUTP99-0521,WestWide,WE-868
WUTP99-0542,WestWide,WE-869
WCAP99-0581,WestWide,WE-87
WUTP99-0562,WestWide,WE-874
WCAP99-0583,WestWide,WE-88
WUTP99-0629,WestWide,WE-889
WUTP99-0728,WestWide,WE-905
WUTP99-0732,WestWide,WE-907
WUTP99-0733,WestWide,WE-908
WCAP99-0592,WestWide,WE-91
WWAP99-0521,WestWide,WE-929
WWAP99-0527,WestWide,WE-933
WWAP99-0529,WestWide,WE-934
WWAP99-0546,WestWide,WE-942
WWAP99-0566,WestWide,WE-945
WCAP99-0604,WestWide,WE-95
WWAP99-0611,WestWide,WE-956
WWAP99-0622,WestWide,WE-960
WWAP99-0630,WestWide,WE-961
WWAP99-0632,WestWide,WE-962
WWAP99-0642,WestWide,WE-970
WWAP99-0676,WestWide,WE-971
WWAP99-0677,WestWide,WE-972
WWAP99-0689,WestWide,WE-976
WWAP99-0681,WestWide,WE-981
WWAP99-0705,WestWide,WE-984
WWAP99-0712,WestWide,WE-986
WWAP99-0716,WestWide,WE-989
WWAP99-0735,WestWide,WE-998
WWAP99-0736,WestWide,WE-999
OWW04440-0205,WestWide,WSA-225
SPMLC012.43,TN,
SPCRC013.37,TN,
SPRUC008.21,TN,
UGSCV002.80,TN,
EPA01-301,TN,
UGETK011.80,TN,
60Sittin000.3,TN,
EPA01-304,TN,
WAZP04-RRED1,TN,
EPA01-0305,TN,
48DogCan002.7,TN,
SPARA017.25,TN,
WCAP99-0780,TN,
EPA01-203,TN,
41LAnima029.3,TN,
EPA01-202,TN,
77MFkGil000.1,TN,
77WFkGil010.0,TN,
WAZP99-0681,TN,
77Diamon033.2,TN,
EPA01-0210,TN,
80WhiteW008.8,TN,
77IronCr009.7,TN,
EPA01-102,TN,
EPA01-0209,TN,
EPA01-314,TN,
WAZP99-0783,TN,
WAZP99-0569,TN,
SRNBE000.86,TN,
SRBWL005.79,TN,
SRSNK001.96,TN,
WAZP99-0888,TN,
WAZP99-0551,TN,
WCAP99-0794,TN,
EPA01-0212,TN,
WAZP99-0639,TN,
UGCOL003.48,TN,
WCAP99-0539,TN,
SRWFB005.34,TN,
EPA01-0308,TN,
WAZP99-0828,TN,
SRREY001.14,TN,
SRWFB015.22,TN,
WAZP99-0545,TN,
LCPAD001.30,TN,
EPA01-213,TN,
LCWLR001.23,TN,
EPA01-0214,TN,
MGNWR054.26,TN,
LCSLR001.42,TN,
VRSYH000.25,TN,
WCAP99-1132,TN,
WCAP99-0787,TN,
9508300,TN,
WCAP99-0550,TN,
USGS341014116494801,TN,
WCAP99-0674,TN,
WAZP99-0833,TN,
EPA01-0315,TN,
VRPIE000.29,TN,
WCAP99-0552,TN,
WCAP99-1020,TN,
WAZP04-RCYN1,TN,
WCAP03-R318,TN,
WAZP99-0598,TN,
SRCRS006.19,TN,
WAZP99-0648,TN,
MGLAS004.52,TN,
WAZP04-RPIN1,TN,
LCBRB006.74,TN,
WCAP99-R001,TN,
WCAP99-0536,TN,
WCAP99-0501,TN,
WAZP99-0868,TN,
WCAP99-0905,TN,
WCAP99-0560,TN,
VRWBV006.54,TN,
EPA01-313,TN,
WCAP99-0779,TN,
VRWBV012.56,TN,
WCAP99-0796,TN,
WCAP99-1035,TN,
WCAP99-1028,TN,
WCAP99-0677,TN,
WAZP04-RTRT1,TN,
VRWOK000.82,TN,
50Gallin140.8,TN,
50Gallin141.9,TN,
50PecosR803.7,TN,
EPA01-101,TN,
50RioMor000.3,TN,
EPA01-221,TN,
07Sapell069.8,TN,
07Manuel020.9,TN,
EPA01-107,TN,
309CAW130,TN,
309CAW194,TN,
31RVacas026.5,TN,
309SARANF,TN,
EPA01-216,TN,
28RSanBa017.9,TN,
29RPuerc037.5,TN,
EPA01-106,TN,
WAZP99-0768,TN,
EPA01-217,TN,
EPA01-108,TN,
29RGalli045.1,TN,
WCAP99-1002,TN,
309CAW126,TN,
309ARCBRC,TN,
EPA01-220,TN,
28RGRanc013.1,TN,
WCAP03-R325,TN,
EPA01-219,TN,
EPA01-103,TN,
EPA01-218,TN,
WCAP03-R224,TN,
WCAP03-R208,TN,
29RBrazo010.1,TN,
EPA01-105,TN,
EPA01-104,TN,
28RCosti032.5,TN,
29RChama183.4,TN,
27RPinos007.3,TN,
WCAP03-R245,TN,
WCAP99-0509,TN,
WCAP99-0883,TN,
WUTP04-R002,TN,
EPA01-0242,TN,
WCAP99-0984,TN,
WCOP99-0502,TN,
WUTP03-R031,TN,
EPA01-240,TN,
EPA01-0240,TN,
WUTP99-0728,TN,
WCOP03-R009,TN,
WCOP99-0670,TN,
EPA01-402,TN,
WCAP03-R242,TN,
WCAP03-R244,TN,
WCOP99-0634,TN,
EPA01-406,TN,
EPA01-241,TN,
EPA01-404,TN,
WCAP99-0503,TN,
USGS11264500,TN,
EPA01-227,TN,
EPA01-232,TN,
NV379814,TN,
10249900,TN,
EPA01-0239,TN,
WCAP03-R236,TN,
WCAP03-R237,TN,
EPA01-228,TN,
EPA01-243,TN,
EPA01-229,TN,
EPA01-245,TN,
EPA01-231,TN,
WNVP99-0677,TN,
EPA01-501,TN,
EPA01-0246,TN,
EPA01-407,TN,
WCAP99-0885,TN,
EPA01-249,TN,
EPA01-408,TN,
WWalker.confl,TN,
WCAP99-0860,TN,
EPA01-409,TN,
EPA01-502,TN,
Silver.cr,TN,
Swauger.valdez,TN,
Lit.Walker.lower,TN,
WCAP99-0835,TN,
Swauger.above,TN,
WCAP03-R219,TN,
WCOP03-R005,TN,
Cottonwood,TN,
631CE0074,TN,
532TGRUPx,TN,
WCAP03-R222,TN,
EPA01-516,TN,
Trib.silver,TN,
WCOP99-0597,TN,
EPA01-505,TN,
EPA01-506,TN,
EPA01-234,TN,
EPA01-507,TN,
WCAP99-0629,TN,
EPA01-504,TN,
WCOP99-0633,TN,
WCAP99-0991,TN,
NV323432,TN,
EPA01-514,TN,
NV315740,TN,
EPA01-508,TN,
514BRUUPx,TN,
WNVP99-0683,TN,
EPA01-503,TN,
EPA01-410,TN,
EPA01-253,TN,
Hidden,TN,
EPA01-512,TN,
EPA01-113,TN,
NV343320,TN,
EPA01-257,TN,
EPA01-256,TN,
514RCRUPx,TN,
EPA01-509,TN,
WCOP99-0503,TN,
EPA01-250,TN,
Bear,TN,
EPA01-260,TN,
EPA01-109,TN,
WCOP99-0505,TN,
EPA01-111,TN,
WCOP99-0629,TN,
EPA01-251,TN,
EPA01-510,TN,
113CE0097,TN,
EPA01-261,TN,
EPA01-259,TN,
WUTP99-0517,TN,
111CE0551,TN,
Juniper,TN,
EPA01-252,TN,
Prosser.north,TN,
WCAP99-R082,TN,
EPA01-513,TN,
WCAP03-R159,TN,
10343500,TN,
EPA01-112,TN,
Sagehen,TN,
WCAP99-1065,TN,
WCAP99-0767,TN,
EPA01-262,TN,
Lacey,TN,
EPA01-254,TN,
Independence,TN,
Lit.Truck.below,TN,
WCAP99-R008,TN,
WCOP04-R011,TN,
WCAP99-R003,TN,
WCAP99-0826,TN,
WCOP99-0649,TN,
WCAP99-0816,TN,
518LSTUPx,TN,
EPA01-169,TN,
WCAP99-1050,TN,
WCAP99-R047,TN,
WCAP99-R046,TN,
WCOP99-0626,TN,
WCAP99-0606,TN,
WUTP99-0732,TN,
EPA01-168,TN,
WCAP99-0837,TN,
518GZCUPx,TN,
EPA01-0167,TN,
WCAP99-0813,TN,
WCAP99-R022,TN,
509DCPWxx,TN,
509BCCH32,TN,
WCAP99-0527,TN,
EPA01-235,TN,
WCAP99-R036,TN,
WCAP99-1063,TN,
WCOP99-0518,TN,
WCOP99-0577,TN,
WCAP99-1092,TN,
WCAP99-R012,TN,
WCAP99-1056,TN,
WCAP99-R077,TN,
WCAP99-0844,TN,
WNVP99-0563,TN,
USGS402114105350101,TN,
WCAP99-0843,TN,
EPA01-121,TN,
WCAP99-R016,TN,
WUTP99-0507,TN,
637CE0511,TN,
WCAP99-1074,TN,
EPA01-119,TN,
EPA01-236,TN,
WUTP99-0562,TN,
NV202758,TN,
WCAP99-0618,TN,
WNVP99-0681,TN,
WCAP99-0988,TN,
EPA01-172,TN,
WCAP99-0831,TN,
WUTP99-0733,TN,
WCAP99-0838,TN,
NV196887,TN,
WUTP99-0521,TN,
UT26728,TN,
EPA01-122,TN,
USGS404707111094301,TN,
EPA01-413,TN,
UT25141,TN,
WCAP99-0505,TN,
WUTP99-0501,TN,
EPA01-237,TN,
WCAP99-0605,TN,
WUTP99-0514,TN,
WNVP99-0617,TN,
WCAP99-1055,TN,
WUTP02-R002,TN,
EPA01-171,TN,
WCAP99-R011,TN,
WCOP99-0578,TN,
EPA01-531,TN,
WWYP99-0613,TN,
WCAP99-R037,TN,
WWYP99-0713,TN,
WWYP99-0707,TN,
526CE0323,TN,
WCAP99-1005,TN,
WCAP99-1079,TN,
WCAP99-R062,TN,
WCAP99-1066,TN,
EPA01-530,TN,
526PSCBBL,TN,
EPA01-529,TN,
WCAP99-0506,TN,
WCAP99-0598,TN,
WCAP03-R123,TN,
EPA01-528,TN,
UT16163,TN,
WCAP99-R052,TN,
526CE0317,TN,
WCAP99-1067,TN,
WCAP99-0604,TN,
EPA01-535,TN,
WUTP02-R014,TN,
WCAP99-0592,TN,
WCAP99-R092,TN,
EPA01-115,TN,
EPA01-533,TN,
EPA01-114,TN,
EPA01-118,TN,
EPA01-116,TN,
WCAP99-0811,TN,
WNVP99-0680,TN,
WCAP99-0583,TN,
WNVP99-0514,TN,
EPA01-416,TN,
WNVP99-0561,TN,
EPA01-415,TN,
WCAP99-R029,TN,
EPA01-117,TN,
WCAP99-R026,TN,
WCAP99-0833,TN,
WNVP99-0668,TN,
EPA01-414,TN,
WCAP99-0613,TN,
NV84955,TN,
EPA01-S216,TN,
EPA01-417,TN,
EPA01-S443,TN,
WNVP99-0615,TN,
WCAP99-0845,TN,
WIDP99-0768,TN,
EPA01-S12_1,TN,
EPA01-158,TN,
WORP99-0522,TN,
EPA01-159,TN,
EPA01-0161,TN,
2002STWFV008,TN,
EPA01-540,TN,
EPA01-418,TN,
WWYP99-0515,TN,
EPA01-155,TN,
WWYP99-0614,TN,
EPA01-S419,TN,
EPA01-541,TN,
EPA01-S10,TN,
EPA01-419,TN,
EPA01-420,TN,
EPA01-157,TN,
EPA01-543,TN,
EPA01-542,TN,
EPA01-536,TN,
EPA01-165,TN,
EPA01-538,TN,
EPA01-S24,TN,
EPA01-S209,TN,
ORSE04-R009,TN,
EPA01-154,TN,
WWYP99-0610,TN,
EPA01-156,TN,
ORSE04-R010,TN,
EPA01-S23,TN,
ORSE04-R011,TN,
EPA01-0537,TN,
WORP99-0957,TN,
EPA01-S8,TN,
EPA01-S9,TN,
1997SPOCA004,TN,
WWYP99-0669,TN,
1993SBOIA049,TN,
WORP99-1019,TN,
EPA01-161,TN,
EPA01-0159,TN,
WIDP99-0727,TN,
EPA01-164,TN,
EPA01-S455,TN,
EPA01-S219,TN,
EPA01-S823_3,TN,
WWYP99-0651,TN,
WWYP99-0656,TN,
ORSE04-R003,TN,
EPA01-545,TN,
EPA01-153,TN,
EPA01-0556,TN,
EPA01-133,TN,
EPA01-546,TN,
WIDP99-0524,TN,
EPA01-S222,TN,
EPA01-S221,TN,
WORP99-0503,TN,
EPA01-0555,TN,
EPA01-135,TN,
EPA01-132,TN,
WIDP99-0615,TN,
WIDP99-0508,TN,
EPA01-S232,TN,
EPA01-S485,TN,
EPAR8-A6,TN,
EPA01-136,TN,
EPA01-134,TN,
WWYP99-0717,TN,
EPAR8-A7,TN,
EPA01-131,TN,
EPA01-S32,TN,
WWYP99-0585,TN,
EPA01-S33,TN,
WORP99-0821,TN,
EPA01-S234,TN,
EPA01-S233,TN,
USGS13120500,TN,
WIDP99-0502,TN,
EPAR8-01,TN,
EPAR8-05,TN,
EPA01-S237,TN,
EPA01-524,TN,
WYO-0032,TN,
EPA01-547,TN,
WWYP99-0600,TN,
EPA01-552,TN,
WIDP99-0697,TN,
WORP99-0677,TN,
EPA01-548,TN,
EPAR8-06,TN,
EPAR8-A4,TN,
EPA01-S203,TN,
EPA01-137,TN,
EPA01-518,TN,
EPA01-S204,TN,
EPAR8-04,TN,
EPA01-143,TN,
EPAR8-A3,TN,
EPA01-517,TN,
EPA01-519,TN,
EPAR8-A2,TN,
WORP99-0710,TN,
EPA01-129,TN,
EPA01-525,TN,
EPAR8-02,TN,
WORP99-1016,TN,
YNP-0039,TN,
EPA01-551,TN,
WWYP99-0537,TN,
EPA01-526,TN,
EPA01-127,TN,
WWYP99-0553,TN,
EPA01-141,TN,
WORP99-0780,TN,
EPA01-162,TN,
EPA01-S240,TN,
WIDP99-0520,TN,
EPA01-123,TN,
EPA01-549,TN,
EPA01-521,TN,
WWYP99-0582,TN,
EPA01-138,TN,
EPA01-128,TN,
EPA01-520,TN,
USGS06298000,TN,
WORP99-0657,TN,
EPA01-550,TN,
EPA01-S205,TN,
WORP99-0787,TN,
YNP-0073,TN,
WORP99-0877,TN,
WORP99-0564,TN,
WORP99-0691,TN,
WORP99-0864,TN,
EPA01-437,TN,
EPA01-428,TN,
WMTP99-R035,TN,
USGS06191500,TN,
EPA01-126,TN,
EPA01-125,TN,
EPA01-429,TN,
EPA01-S496,TN,
EPA01-0124,TN,
EPA01-124,TN,
EPA01-S38,TN,
WMTP99-0507,TN,
WORP99-0830,TN,
EPA01-S39,TN,
WORP99-0879,TN,
WORP99-0928,TN,
EPA01-436,TN,
EPA01-139,TN,
EPA01-431,TN,
EPA01-0432,TN,
WMTP99-0715,TN,
EPA01-438,TN,
EPA01-439,TN,
EPA01-430,TN,
EPA01-443,TN,
WIDP99-0556,TN,
EPA01-435,TN,
WIDP99-0514,TN,
WMTP99-0839,TN,
EPA01-442,TN,
EPA01-454,TN,
WIDP99-0516,TN,
EPA01-S463,TN,
EPA01-152,TN,
EPA01-S457,TN,
WMTP99-0803,TN,
EPA01-S462-3,TN,
WMTP99-0517,TN,
WMTP99-R015,TN,
EPA01-151,TN,
EPA01-S30,TN,
EPA01-S774,TN,
WMTP99-0633,TN,
EPA01-0448,TN,
WWAP99-0676,TN,
WMTP99-0523,TN,
USGS12508480,TN,
WWAP04-R001,TN,
EPA01-149,TN,
EPA01-447,TN,
WMTP99-0609,TN,
WMTP99-R011,TN,
USGS12506000,TN,
WWAP99-0521,TN,
EPA01-S224,TN,
WWAP04-R041,TN,
EPA01-434,TN,
WIDP99-0501,TN,
WIDP99-0607,TN,
WIDP99-0599,TN,
WMTP99-0716,TN,
WMTP99-0705,TN,
WWAP04-R043,TN,
WIDP99-0503,TN,
WWAP99-0677,TN,
WWAP99-0642,TN,
WMTP99-R027,TN,
WMTP99-0707,TN,
SHB-0395,TN,
MT224909,TN,
MT222052,TN,
EPA01-427,TN,
EPA01-S245,TN,
EPA01-144,TN,
EPA01-148,TN,
USGS12413875,TN,
EPA01-S503,TN,
WMTP99-0838,TN,
WIDP99-0774,TN,
WIDP99-0729,TN,
WMTP99-0837,TN,
WWAP04-R048,TN,
WWAP99-0770,TN,
USGS472510115360800,TN,
WWAP99-0776,TN,
WWAP99-0538,TN,
WWAP99-0541,TN,
USGS12413000,TN,
WWAP99-0633,TN,
WWAP99-0733,TN,
WWAP99-0768,TN,
EPA01-S40,TN,
WWAP99-0546,TN,
WWAP99-0534,TN,
EPA01-S42,TN,
WWAP04-R021,TN,
WWAP99-0716,TN,
WWAP99-0697,TN,
WWAP99-0632,TN,
USGS12411000,TN,
EPA01-449,TN,
WWAP99-0532,TN,
EPA01-453,TN,
WWAP99-0527,TN,
WWAP99-0540,TN,
WWAP04-R264,TN,
WWAP99-0764,TN,
WWAP99-0701,TN,
WMTP04-R006,TN,
EPA01-145,TN,
WWAP99-0772,TN,
WWAP99-0611,TN,
WWAP99-0537,TN,
EPA01-0421,TN,
EPA01-421,TN,
WWAP99-0736,TN,
WMTP99-R002,TN,
WWAP99-0529,TN,
WWAP99-0622,TN,
WWAP99-0735,TN,
WWAP99-0705,TN,
SHB-0315,TN,
WWAP99-0713,TN,
WWAP99-0704,TN,
EPA01-0450,TN,
WMTP99-R019,TN,
EPA01-S507,TN,
EPA01-S504-4,TN,
WMTP99-0719,TN,
EPA01-S509,TN,
EPA01-0452,TN,
EPA01-452,TN,
WIDP99-0614,TN,
WMTP99-0515,TN,
EPA01-0147,TN,
WMTP99-0600,TN,
EPA01-146,TN,
EPA01-451,TN,
EPA01-147,TN,
