scientific_name,model_abbreviation
Syncaris,AREMP
Tabanidae,AREMP
Taeniopterygidae,AREMP
Tanyderidae,AREMP
Tanypodinae,AREMP
Thaumaleidae,AREMP
Thermonectus,AREMP
Timpanoga_hecuba,AREMP
Tinodes,AREMP
Tipula,AREMP
Trepobates,AREMP
Triaenodes,AREMP
Trichoclinocera,AREMP
Tricoryhyphes,AREMP
Tricorythodes,AREMP
Tropisternus,AREMP
Turbellaria,AREMP
Ulomorpha,AREMP
Unionidae,AREMP
Uvarus,AREMP
Valvata,AREMP
Veliidae,AREMP
Visoka,AREMP
Wiedemannia,AREMP
Wormaldia,AREMP
Yoraperla,AREMP
Zaitzevia,AREMP
Zapada,AREMP
Ablabesmyia,CSCI
Aeshna,CSCI
Aeshnidae,CSCI
Agabus,CSCI
Agapetus,CSCI
Agathon,CSCI
Alotanypus,CSCI
Ameletus,CSCI
Amiocentrus aspilus,CSCI
Ampumixis dispar,CSCI
Anacaena,CSCI
Anagapetus,CSCI
Anchycteis velutina,CSCI
Antocha monticola,CSCI
Apatania,CSCI
Apedilum,CSCI
Aquarius,CSCI
Archilestes,CSCI
Arctopsyche,CSCI
Argia,CSCI
Arrenurus,CSCI
Atractides,CSCI
Atrichopogon,CSCI
Attenella,CSCI
Attenella soquele,CSCI
Baetidae,CSCI
Baetis,CSCI
Baetis adonis,CSCI
Baetis bicaudatus,CSCI
Baetis flavistriga,CSCI
Baetis tricaudatus,CSCI
Berosus,CSCI
Bezzia/ Palpomyia,CSCI
Blepharicera,CSCI
Blephariceridae,CSCI
Boreochlus,CSCI
Brachycentridae,CSCI
Brachycentrus occidentalis,CSCI
Brillia,CSCI
Brundiniella,CSCI
Caenis,CSCI
Caenis bajaensis,CSCI
Calineuria californica,CSCI
Callibaetis,CSCI
Caloparyphus,CSCI
Caloparyphus/ Euparyphus,CSCI
Capniidae,CSCI
Cardiocladius,CSCI
Caudatella,CSCI
Caudatella hystrix,CSCI
Centroptilum,CSCI
Ceratopogonidae,CSCI
Chelifera/ Metachela,CSCI
Cheumatopsyche,CSCI
Chironominae,CSCI
Chironomini,CSCI
Chloroperlidae,CSCI
Chrysops,CSCI
Cinygma,CSCI
Cinygmula,CSCI
Cleptelmis addenda,CSCI
Clinocera,CSCI
Cloeodes excogitatus,CSCI
Coenagrionidae,CSCI
Constempellina,CSCI
Cordulegaster dorsalis,CSCI
Corixidae,CSCI
Corydalidae,CSCI
Corynoneura,CSCI
Crangonyx,CSCI
Cricotopus,CSCI
Cricotopus bicinctus group,CSCI
Cricotopus nostocicola,CSCI
Cricotopus trifascia group,CSCI
Cryptochia,CSCI
Culicoides,CSCI
Cultus,CSCI
Cyclothyas,CSCI
Dasyhelea,CSCI
Demicryptochironomus,CSCI
Despaxia augusta,CSCI
Diamesa,CSCI
Dicosmoecus,CSCI
Dicranota,CSCI
Dicrotendipes,CSCI
Diphetor hageni,CSCI
Diplocladius,CSCI
Dixa,CSCI
Dolichopodidae,CSCI
Dolophilodes,CSCI
Dolophilodes/ Sisko,CSCI
Doroneuria baumanni,CSCI
Drunella,CSCI
Drunella coloradensis,CSCI
Drunella doddsii,CSCI
Drunella grandis,CSCI
Drunella spinifera,CSCI
Dytiscidae,CSCI
Ecclisomyia,CSCI
Ecdyonurus,CSCI
Ecdyonurus criddlei,CSCI
Elmidae,CSCI
Empididae,CSCI
Epeorus,CSCI
Ephemerella,CSCI
Ephemerella maculata,CSCI
Ephemerella tibialis,CSCI
Ephemerella velmae,CSCI
Ephemerellidae,CSCI
Ephydridae,CSCI
Eubrianax edwardsii,CSCI
Eukiefferiella,CSCI
Euparyphus,CSCI
Euryhapsis,CSCI
Eylais,CSCI
Fallceon,CSCI
Fallceon quilleri,CSCI
Ferrissia,CSCI
Forcipomyia,CSCI
Frisonia picticeps,CSCI
Gastropoda,CSCI
Gelastocoris oculatus,CSCI
Gerridae,CSCI
Glossosoma,CSCI
Glossosomatidae,CSCI
Glutops,CSCI
Gomphidae,CSCI
Graptocorixa,CSCI
Gumaga,CSCI
Gyraulus,CSCI
Gyrinus,CSCI
Heleniella,CSCI
Helichus,CSCI
Helicopsyche,CSCI
Helisoma,CSCI
Helochares normatus,CSCI
Helodon,CSCI
Heptageniidae,CSCI
Hesperoperla,CSCI
Hesperoperla hoguei,CSCI
Hesperoperla pacifica,CSCI
Hesperophylax,CSCI
Heterlimnius,CSCI
Heteroplectron californicum,CSCI
Heterotrissocladius,CSCI
Heterotrissocladius marcidus group.,CSCI
Hexatoma,CSCI
Hydraena,CSCI
Hydrobiidae,CSCI
Hydrophilidae,CSCI
Hydropsyche,CSCI
Hydropsychidae,CSCI
Hydroptila,CSCI
Hydroptilidae,CSCI
Hydryphantidae,CSCI
Hygrobates,CSCI
Hygrobatidae,CSCI
Ironodes,CSCI
Isoperla,CSCI
Isoperla denningi,CSCI
Isoperla mormona,CSCI
Juga,CSCI
Kathroperla,CSCI
Kogotus nonus,CSCI
Kogotus/Rickera,CSCI
Krenopelopia,CSCI
Krenosmittia,CSCI
Labrundinia,CSCI
Labrundinia/ Nilotanypus,CSCI
Laccobius,CSCI
Lara,CSCI
Larsia,CSCI
Lauterborniella,CSCI
Lebertia,CSCI
Lepidostoma,CSCI
Leptoceridae,CSCI
Leuctridae,CSCI
Limnephilidae,CSCI
Limnesia,CSCI
Limnochares,CSCI
Limnophila,CSCI
Limnophyes,CSCI
Limonia,CSCI
Lymnaea,CSCI
Macropelopia,CSCI
Macropelopiini,CSCI
Malenka,CSCI
Marilia flexuosa,CSCI
Maruina lanceolata,CSCI
Matriella teresa,CSCI
Meringodixa chalonensis,CSCI
Micrasema,CSCI
Microcylloepus,CSCI
Micropsectra,CSCI
Micropsectra/ Tanytarsus,CSCI
Microtendipes pedellus group,CSCI
Microtendipes rydalensis group,CSCI
Mideopsis,CSCI
Moselia infuscata,CSCI
Mystacides,CSCI
Nais communis/ variabilis,CSCI
Nanocladius,CSCI
Narpus,CSCI
Narpus angustus,CSCI
Narpus concolor,CSCI
Nemouridae,CSCI
Neoclypeodytes plicipennis,CSCI
Neohermes,CSCI
Neophylax,CSCI
Neoplasta,CSCI
Neothremma,CSCI
Neotrichia,CSCI
Nothotrichia shasta,CSCI
Ochrotrichia,CSCI
Octogomphus specularis,CSCI
Odontomyia/ Hedriodiscus,CSCI
Oecetis,CSCI
Oecetis disjuncta,CSCI
Oligochaeta,CSCI
Oligophlebodes,CSCI
Onocosmoecus,CSCI
Ophidonais serpentina,CSCI
Optioservus,CSCI
Ordobrevia nubifera,CSCI
Oreodytes,CSCI
Oreogeton,CSCI
Orohermes crepusculus,CSCI
Orthocladiinae,CSCI
Orthocladius complex,CSCI
Orthocladius lignicola,CSCI
Ostracoda,CSCI
Pagastia,CSCI
Parachaetocladius,CSCI
Paracladopelma,CSCI
Paraleptophlebia,CSCI
Parametriocnemus,CSCI
Paraphaenocladius,CSCI
Parapsyche,CSCI
Paratanytarsus,CSCI
Paratendipes,CSCI
Pedomoecus sierra,CSCI
Peltodytes,CSCI
Pentaneura,CSCI
Pericoma/ Telmatoscopus,CSCI
Perlidae,CSCI
Perlodidae,CSCI
Perlomyia,CSCI
Phaenopsectra,CSCI
Physa,CSCI
Pisidium,CSCI
Plecoptera,CSCI
Polycentropus,CSCI
Polypedilum,CSCI
Postelichus,CSCI
Potthastia gaedii group,CSCI
Probezzia,CSCI
Prosimulium,CSCI
Prostoma,CSCI
Protzia,CSCI
Psectrocladius,CSCI
Psephenus falli,CSCI
Pseudochironomus,CSCI
Psilometriocnemus,CSCI
Psychoglypha,CSCI
Pteronarcys,CSCI
Ptychoptera,CSCI
Ptychopteridae,CSCI
Reomyia,CSCI
Rheocricotopus,CSCI
Rheotanytarsus,CSCI
Rhithrogena,CSCI
Rhyacophila,CSCI
Rhyacophila angelita group,CSCI
Rhyacophila arnaudi,CSCI
Rhyacophila betteni group,CSCI
Rhyacophila brunnea group,CSCI
Rhyacophila coloradensis group,CSCI
Rhyacophila sibirica group,CSCI
Rhyacophila vagrita group,CSCI
Sanfilippodytes,CSCI
Scirtidae,CSCI
Serratella,CSCI
Serratella micheneri,CSCI
Sialis,CSCI
Sierraperla cora,CSCI
Simuliidae,CSCI
Simulium,CSCI
Siphlonurus,CSCI
Skwala,CSCI
Slavina appendiculata,CSCI
Soliperla,CSCI
Soyedina,CSCI
Sperchon,CSCI
Sperchonopsis,CSCI
Sphaeriidae,CSCI
Sphaerium,CSCI
Stempellinella,CSCI
Stictotarsus,CSCI
Stictotarsus striatellus,CSCI
Stilobezzia,CSCI
Stygothrombium,CSCI
Suwallia,CSCI
Sweltsa,CSCI
Synorthocladius,CSCI
Tabanus/ Atylotus,CSCI
Taeniopterygidae,CSCI
Tanypodinae,CSCI
Tanytarsini,CSCI
Tanytarsus,CSCI
Testudacarus,CSCI
Thienemanniella,CSCI
Thienemannimyia group,CSCI
Timpanoga hecuba,CSCI
Tinodes,CSCI
Tipula,CSCI
Tipulidae,CSCI
Torrenticola,CSCI
Trichoptera,CSCI
Tricorythodes,CSCI
Trombidiformes,CSCI
Tubificidae,CSCI
Turbellaria,CSCI
Tvetenia,CSCI
Tvetenia bavarica group,CSCI
Tvetenia discoloripes group,CSCI
Uvarus subtilis,CSCI
Visoka cataractae,CSCI
Wandesia,CSCI
Wiedemannia,CSCI
Wormaldia,CSCI
Yoraperla,CSCI
Yoraperla nigrisoma,CSCI
Yphria californica,CSCI
Zaitzevia,CSCI
Zaitzevia parvula,CSCI
Zapada,CSCI
Zapada cinctipes,CSCI
Zapada columbiana,CSCI
Zapada frigida,CSCI
Zapada oregonensis group,CSCI
Zavrelimyia/ Paramerina,CSCI
Acari,PIBO
Acentrella,PIBO
Agapetus,PIBO
Allocosmoecus,PIBO
Ameletus,PIBO
Ametor,PIBO
Amiocentrus,PIBO
Amphinemura,PIBO
Anagapetus,PIBO
Antocha,PIBO
Apatania,PIBO
Arctopsyche,PIBO
Ascaphus,PIBO
Astacidae,PIBO
Atherix,PIBO
Baetis,PIBO
Blephariceridae,PIBO
Brachycentrus,PIBO
Calineuria,PIBO
Calopterygidae,PIBO
Capniidae,PIBO
Caudatella,PIBO
Centroptilum,PIBO
Ceratopogoninae,PIBO
Chelifera_Metachela_Neoplasta,PIBO
Chironominae,PIBO
Chyrandra,PIBO
Cinygma,PIBO
Cinygmula,PIBO
Claassenia,PIBO
Cleptelmis,PIBO
Clinocera,PIBO
Cryptochia,PIBO
Deuterophlebiidae,PIBO
Diamesinae,PIBO
Dicosmoecus,PIBO
Dicranota,PIBO
Diphetor,PIBO
Dixa,PIBO
Dolichopodidae,PIBO
Dolophilodes,PIBO
Doroneuria,PIBO
Drunella_coloradensis_flavilinea,PIBO
Drunella_doddsii,PIBO
Drunella_grandis,PIBO
Drunella_spinifera,PIBO
Dubiraphia,PIBO
Ecclisomyia,PIBO
Epeorus,PIBO
Ephemerella,PIBO
Eubrianax,PIBO
Farula,PIBO
Forcipomyiinae,PIBO
Glossosoma,PIBO
Glutops,PIBO
Gumaga,PIBO
Helodon,PIBO
Helophorus,PIBO
Hemerodromia,PIBO
Hesperoconopa,PIBO
Hesperoperla,PIBO
Heterlimnius,PIBO
Hexatoma,PIBO
Homophylax,PIBO
Hydraena,PIBO
Hydropsyche,PIBO
Hydroptilidae,PIBO
Ironodes,PIBO
Isogenoides,PIBO
Isoperla,PIBO
Kathroperla,PIBO
Kogotus,PIBO
Lara,PIBO
Lepidostoma,PIBO
Leuctridae,PIBO
Limnophila,PIBO
Malenka,PIBO
Maruina,PIBO
Megarcys,PIBO
Meringodixa,PIBO
Micrasema,PIBO
Microcylloepus,PIBO
Narpus,PIBO
Nemata,PIBO
Neophylax,PIBO
Neothremma,PIBO
Oligophlebodes,PIBO
Onocosmoecus,PIBO
Optioservus,PIBO
Ordobrevia,PIBO
Oreodytes,PIBO
Oreogeton,PIBO
Oreoleptis,PIBO
Ormosia,PIBO
Orthocladiinae,PIBO
Other_Chloroperlidae,PIBO
Other_Hydrobiidae,PIBO
Other_Oligochaeta,PIBO
Paraleptophlebia,PIBO
Parapsyche,PIBO
Pedicia,PIBO
Peltoperlidae,PIBO
Pericoma_Telmatoscopus,PIBO
Perlinodes,PIBO
Pisidiidae,PIBO
Planorbidae,PIBO
Polycentropodidae,PIBO
Prosimulium,PIBO
Psychoglypha,PIBO
Pteronarcella,PIBO
Pteronarcys,PIBO
Rhabdomastix,PIBO
Rhithrogena,PIBO
Rhizelmis,PIBO
Rhyacophila_alberta_group,PIBO
Rhyacophila_angelita_group,PIBO
Rhyacophila_betteni_group,PIBO
Rhyacophila_brunnea_vemna_groups,PIBO
Rhyacophila_coloradensis_group,PIBO
Rhyacophila_hyalinata_group,PIBO
Rhyacophila_sibirica_group,PIBO
Rhyacophila_verrula_group,PIBO
Rhyacophila_vofixa_group,PIBO
Rhyacophilla_vagrita_group,PIBO
Rickera,PIBO
Sericostriata,PIBO
Serratella,PIBO
Setvena,PIBO
Sialis,PIBO
Simulium,PIBO
Siphlonuridae,PIBO
Skwala,PIBO
Stenonema,PIBO
Tabanidae,PIBO
Taeniopterygidae,PIBO
Tanypodinae,PIBO
Thaumaleidae,PIBO
Tipula,PIBO
Trichoclinocera,PIBO
Tricorythodes,PIBO
Turbellaria,PIBO
Unk_Elmid_Genus_Barr,PIBO
Visoka,PIBO
Wiedemannia,PIBO
Wormaldia,PIBO
Zaitzevia,PIBO
Zapada,PIBO
ABEDUS,WestWide
Acentrella,WestWide
Acerpenna,WestWide
Acneus,WestWide
Aeshna,WestWide
Agabinus,WestWide
Agabus,WestWide
Agapetus,WestWide
Agraylea,WestWide
Allocosmoecus,WestWide
Allomyia,WestWide
AMBRYSUS,WestWide
Ameletidae,WestWide
Ametor,WestWide
Amiocentrus,WestWide
Amphinemura,WestWide
Amphizoa,WestWide
Ampumixis,WestWide
Anagapetus,WestWide
Anax,WestWide
Antocha,WestWide
Apatania,WestWide
ARACHNIDA,WestWide
Archilestes,WestWide
Arctopsyche,WestWide
Argia,WestWide
Asioplax,WestWide
Astacidae,WestWide
Athericidae,WestWide
Atopsyche,WestWide
Atractelmis,WestWide
Attenella,WestWide
Baetis,WestWide
Baetodes,WestWide
Berosus,WestWide
Blephariceridae,WestWide
Brachycentrus,WestWide
Brychius,WestWide
CAECIDOTEA,WestWide
Caenis,WestWide
Calineuria,WestWide
Callibaetis,WestWide
Cambaridae,WestWide
Camelobaetidius,WestWide
Capniidae,WestWide
Carabidae,WestWide
Caudatella,WestWide
CENTROPTILUM_PROCLOEON,WestWide
Ceraclea,WestWide
Ceratopogonidae,WestWide
Cernotina,WestWide
Cheumatopsyche,WestWide
Chimarra,WestWide
Chironominae,WestWide
Chyrandra,WestWide
Cinygma,WestWide
Cinygmula,WestWide
Claassenia,WestWide
Cleptelmis,WestWide
Clistoronia,WestWide
Cordulegastridae,WestWide
Corixidae,WestWide
Corydalus,WestWide
Crangonyx,WestWide
Cryptochia,WestWide
Cryptolabis,WestWide
Culicidae,WestWide
CULOPTILA,WestWide
Curculionidae,WestWide
Cylloepus,WestWide
Desmona,WestWide
DEUTEROPHLEBIA,WestWide
Dicosmoecus,WestWide
Dicranota,WestWide
Diphetor,WestWide
Dixa,WestWide
Dixella,WestWide
Dolichopodidae,WestWide
Dolophilodes,WestWide
Doroneuria,WestWide
Drunella_coloradensis_flavilinea,WestWide
DRUNELLA_DODDSI,WestWide
Drunella_grandis,WestWide
Drunella_pelosa,WestWide
Drunella_spinifera,WestWide
Dubiraphia,WestWide
Dysmicohermes,WestWide
Dytiscus,WestWide
Ecclisocosmoecus,WestWide
Ecclisomyia,WestWide
Empididae,WestWide
Epeorus,WestWide
Ephemera,WestWide
Ephemerella,WestWide
Ephydridae,WestWide
Erioptera,WestWide
Erpobdellidae,WestWide
Eubrianax,WestWide
Fallceon,WestWide
Farula,WestWide
FERRISSIA,WestWide
Gammarus,WestWide
Glossosoma,WestWide
Glutops,WestWide
GOERA,WestWide
Gomphidae,WestWide
Gonomyia,WestWide
Gumaga,WestWide
GYRAULUS,WestWide
Gyrinus,WestWide
Helichus,WestWide
Helicopsyche,WestWide
HELISOMA,WestWide
Helius,WestWide
HELOBDELLA,WestWide
Helophorus,WestWide
Heptagenia,WestWide
Hesperoconopa,WestWide
Hesperoperla,WestWide
Hesperophylax,WestWide
HETAERINA,WestWide
Heterelmis,WestWide
Heterlimnius,WestWide
Heteroplectron,WestWide
Hexatoma,WestWide
Himalopsyche,WestWide
Homoleptohyphes,WestWide
Homophylax,WestWide
Hyalellidae,WestWide
Hydaticus,WestWide
Hydatophylax,WestWide
Hydraena,WestWide
Hydrobiidae,WestWide
Hydroporus,WestWide
Hydropsyche,WestWide
Hydroptila,WestWide
Hygrotus,WestWide
Ironodes,WestWide
Isonychia,WestWide
Ithytrichia,WestWide
Juga,WestWide
KATHROPERLA,WestWide
Laccobius,WestWide
Lara,WestWide
Lepidostoma,WestWide
Leptohyphes,WestWide
Leptophlebiidae,WestWide
Lestes,WestWide
LETHOCERUS,WestWide
Leucotrichia,WestWide
LEUCROCUTA_NIXE,WestWide
Leuctridae,WestWide
Libellulidae,WestWide
Limnichidae,WestWide
Limnophila,WestWide
Limonia,WestWide
Liodessus,WestWide
Lymnaeidae,WestWide
Malenka,WestWide
Margaritifera,WestWide
Marilia,WestWide
Mayatrichia,WestWide
MENETUS,WestWide
Meringodixa,WestWide
Metrichia,WestWide
Micrasema,WestWide
Microcylloepus,WestWide
Molophilus,WestWide
Muscidae,WestWide
Mystacides,WestWide
NAMAMYIA,WestWide
Narpus,WestWide
Nectopsyche,WestWide
Nemata,WestWide
Nematomorpha,WestWide
Nemertea,WestWide
Neocylloepus,WestWide
Neohermes,WestWide
Neophylax,WestWide
Neothremma,WestWide
Neotrichia,WestWide
Ochrotrichia,WestWide
Ochthebius,WestWide
Oecetis,WestWide
OLIGOCHAETA,WestWide
Oligoneuriidae,WestWide
Oligophlebodes,WestWide
Onocosmoecus,WestWide
Oplonaeschna,WestWide
Optioservus,WestWide
Ordobrevia,WestWide
Oreodytes,WestWide
Orohermes,WestWide
Other_Chironomidae,WestWide
OTHER_CHLOROPERLIDAE,WestWide
Other_Coenagrionidae,WestWide
Oulimnius,WestWide
Oxyethira,WestWide
Paracloeodes,WestWide
Paracymus,WestWide
PARAPERLA,WestWide
Parapsyche,WestWide
Parthina,WestWide
Pedicia,WestWide
Pedomoecus,WestWide
Peltodytes,WestWide
Perlodidae,WestWide
PETROPHILA,WestWide
Phylloicus,WestWide
Physidae,WestWide
Pisidiidae,WestWide
PLANORBELLA,WestWide
PLATYHELMINTHES,WestWide
Plauditus,WestWide
Podmosta,WestWide
Polycentropus,WestWide
Postelichus,WestWide
Prionocera,WestWide
Prostoia,WestWide
PROTOPTILA,WestWide
Psephenus,WestWide
Pseudolimnophila,WestWide
Psychodidae,WestWide
Psychoglypha,WestWide
Psychomyia,WestWide
Pteronarcella,WestWide
Pteronarcys,WestWide
PTYCHOPTERA,WestWide
Pycnopsyche,WestWide
Rhabdomastix,WestWide
Rhithrogena,WestWide
Rhizelmis,WestWide
RHYACOPHILA,WestWide
Sciomyzidae,WestWide
Scirtidae,WestWide
Sericostriata,WestWide
Serratella,WestWide
Sialis,WestWide
SIERRAPERLA,WestWide
Simuliidae,WestWide
Siphlonuridae,WestWide
SIPHLONURUS,WestWide
Smicridea,WestWide
Soliperla,WestWide
Soyedina,WestWide
Stactobiella,WestWide
Stenelmis,WestWide
Stenocolus,WestWide
Stenonema,WestWide
Stictotarsus,WestWide
Stratiomyidae,WestWide
Stygobromus,WestWide
Tabanidae,WestWide
TAENIONEMA,WestWide
TAENIOPTERYX,WestWide
Tanypodinae,WestWide
Thaumaleidae,WestWide
Timpanoga,WestWide
Tinodes,WestWide
Tipula,WestWide
Tricoryhyphes,WestWide
Tricorythodes,WestWide
Tropisternus,WestWide
Valvatidae,WestWide
Visoka,WestWide
VORTICIFEX,WestWide
Wormaldia,WestWide
Ylodes,WestWide
Yoraperla,WestWide
YPHRIA,WestWide
Zaitzevia,WestWide
Zapada,WestWide
Zumatrichia,WestWide
Acari,WY
Acentrella,WY
Agapetus,WY
Agraylea,WY
Ameletus,WY
Ancylidae,WY
Antocha,WY
Apatania,WY
Arctopsyche,WY
Atherix,WY
Baetis,WY
Brachycentrus_americanus,WY
Brachycentrus_occidentalis,WY
Brillia,WY
Caenis,WY
Capniidae,WY
Caudatella,WY
Ceratopogoninae,WY
Chaetocladius,WY
Chelifera,WY
Cheumatopsyche,WY
Chloroperlidae,WY
Cinygmula,WY
Claassenia,WY
Cladotanytarsus,WY
Cleptelmis,WY
Clinocera,WY
Coenagrionidae,WY
Corynoneura,WY
Cricotopus_bicinctus,WY
Cricotopus_Cricotopus,WY
Cricotopus_Nostococladius,WY
Cricotopus_trifascia,WY
D_coloradensis_flavilinea,WY
D_grandis_spinifera,WY
Diamesa,WY
Dicranota,WY
Diphetor,WY
Dixidae,WY
Dolophilodes,WY
Doroneuria,WY
Drunella_doddsi,WY
Dubiraphia,WY
Dytiscidae,WY
Enchytraeidae,WY
Epeorus,WY
Ephemerella,WY
Eukiefferiella,WY
Fallceon_quilleri,WY
Gammarus,WY
Glossosoma,WY
Gomphidae,WY
Helicopsyche,WY
Hemerodromia,WY
Heptagenia_Nixe,WY
Hesperoperla,WY
Heterlimnius,WY
Hexatoma,WY
Hyalella,WY
Hydrobaenus,WY
Hydropsyche,WY
Hydroptila,WY
Isoperla,WY
Lepidostoma,WY
Malenka,WY
Megarcys,WY
Micrasema,WY
Microcylloepus,WY
Micropsectra,WY
Microtendipes,WY
Naididae,WY
Narpus,WY
Nectopsyche,WY
Nematoda,WY
Neophylax,WY
Neothremma,WY
Ochrotrichia,WY
Oecetis,WY
Oligophlebodes,WY
Optioservus,WY
Orthocladius,WY
Pagastia,WY
Paraleptophlebia,WY
Parametriocnemus,WY
Parapsyche,WY
Parorthocladius,WY
Pericoma,WY
Petrophila,WY
Physidae,WY
Pisidiidae,WY
Polypedilum,WY
Potthastia,WY
Prosimulium,WY
Protoptila,WY
Psychomyiidae,WY
Pteronarcella,WY
Pteronarcys,WY
R_betteni,WY
R_brunnea,WY
R_coloradensis,WY
R_hyalinata,WY
R_pellisa,WY
Rheocricotopus,WY
Rheotanytarsus,WY
Rhithrogena,WY
Serratella,WY
Simulium,WY
Skwala,WY
Sphaeriidae,WY
Stempellina,WY
Stempellinella,WY
Sublettea,WY
Taeniopterygidae,WY
Tanytarsus,WY
Thienemanniella,WY
Thienemannimyia,WY
Tipula,WY
Tricorythodes,WY
Turbellaria,WY
Tvetenia,WY
Wiedemannia,WY
Zaitzevia,WY
Zapada_cinctipes,WY
Zapada_columbiana,WY
Zapada_oregonensis,WY
Ablabesmyia,NV
Acentrella,NV
Agabus,NV
Agapetus,NV
Ambrysus,NV
Ameletus,NV
Amiocentrus,NV
Anagapetus,NV
Antocha,NV
Apatania,NV
Apedilum,NV
Arctopsyche,NV
Argia,NV
Athericidae,NV
Atractides,NV
Atrichopogon,NV
Attenella,NV
Aturus,NV
Baetis,NV
Baetodes,NV
Bezzia_Palpomyia,NV
Boreochlus,NV
Boreoheptagyia,NV
Brachycentrus_americanus,NV
Brachycentrus_occidentalis,NV
Brillia,NV
Brundiniella,NV
Brychius,NV
Caenis,NV
Calineuria_californica,NV
Capniidae,NV
Cardiocladius,NV
Caudatella,NV
Centroptilum,NV
Ceraclea,NV
Ceratopsyche_Hydropsyche,NV
Chaetocladius,NV
Chelifera_Metachela,NV
Cheumatopsyche,NV
Chironomus,NV
Choroterpes,NV
Cinygmula,NV
Claassenia,NV
Cladotanytarsus,NV
Cleptelmis,NV
Clinocera,NV
Constempellina,NV
Corbicula,NV
Corixidae,NV
Corynoneura,NV
Cricotopus,NV
Cryptochironomus,NV
Cryptolabis,NV
Cryptotendipes,NV
Culicoides,NV
Demicryptochironomus,NV
Diamesa,NV
Dicosmoecus,NV
Dicranota,NV
Dicrotendipes,NV
Diphetor,NV
Diplocladius,NV
Dixa,NV
Dolichopodidae,NV
Dolophilodes,NV
Doroneuria,NV
Drunella_coloradensis_flavilinea,NV
Drunella_doddsii,NV
Drunella_grandis,NV
Drunella_spinifera,NV
Dubiraphia,NV
Epeorus,NV
Ephemera,NV
Ephemerella,NV
Ephoron,NV
Ephydridae,NV
Erioptera,NV
Estelloxus,NV
Eukiefferiella,NV
Fallceon,NV
Feltria,NV
Gammarus,NV
Glossosoma,NV
Glutops,NV
Gomphidae,NV
Haliplus,NV
Heleniella,NV
Helichus,NV
Helicopsyche,NV
Helobdella,NV
Hemerodromia,NV
Heptagenia,NV
Hesperoperla,NV
Hesperophylax,NV
Heterlimnius,NV
Heterotrissocladius,NV
Hexatoma,NV
Hyalella,NV
Hydraena,NV
Hydrophilidae,NV
Hydroptila,NV
Hygrobates,NV
Ironodes,NV
Isoperla,NV
Kogotus,NV
Krenopelopia,NV
Krenosmittia,NV
Labrundinia,NV
Lara,NV
Larsia,NV
Lebertia,NV
Lepidostoma,NV
Leptophlebia,NV
Leucotrichia,NV
Leuctridae,NV
Libellulidae,NV
Limnesia,NV
Limnophila,NV
Limnophyes,NV
Liodessus,NV
Lopescladius,NV
Lymnaeidae,NV
Maccaffertium,NV
Malenka,NV
Maruina,NV
Meringodixa,NV
Metriocnemus,NV
Micrasema,NV
Microcylloepus,NV
Micropsectra,NV
Microtendipes,NV
Mideopsis,NV
Monodiamesa,NV
Muscidae,NV
Nanocladius,NV
Narpus,NV
Nectopsyche,NV
Nemata,NV
Neophylax,NV
Neoplasta,NV
Neumania,NV
Nilotanypus,NV
Nilothauma,NV
Nixe,NV
Nostococladius,NV
Ochrotrichia,NV
Ochthebius,NV
Odontomesa,NV
Oecetis,NV
Oligochaeta,NV
Onocosmoecus,NV
Optioservus,NV
Ordobrevia,NV
Oreodytes,NV
Oreogeton,NV
Oribatida,NV
Orthocladius,NV
Ostracoda,NV
Other_Coenagrionidae,NV
Oxyethira,NV
Pacifastacus,NV
Pagastia,NV
Parachaetocladius,NV
Paracladopelma,NV
Paracloeodes,NV
Paracricotopus,NV
Parakiefferiella,NV
Paralauterborniella,NV
Paraleptophlebia,NV
Paramerina,NV
Parametriocnemus,NV
Paraphaenocladius,NV
Parapsyche,NV
Paratanytarsus,NV
Paratendipes,NV
Parorthocladius,NV
Pedomoecus,NV
Peltodytes,NV
Pentaneura,NV
Pericoma_Telmatoscopus,NV
Perlinodes_aurea,NV
Petrophila,NV
Phaenopsectra,NV
Physidae,NV
Pisidiidae,NV
Planaria,NV
Planorbidae,NV
Polycelis,NV
Polypedilum,NV
Potthastia,NV
Probezzia,NV
Procladius,NV
Procloeon,NV
Prodiamesa,NV
Prosimulium,NV
Protoptila,NV
Protzia,NV
Psephenus,NV
Pseudodiamesa,NV
Pseudosmittia,NV
Psychoglypha,NV
Pteronarcella,NV
Pteronarcys,NV
Ptychoptera,NV
Radotanypus,NV
Rheocricotopus,NV
Rheotanytarsus,NV
Rhithrogena,NV
Rhyacophila_alberta_group,NV
Rhyacophila_angelita_group,NV
Rhyacophila_betteni_group,NV
Rhyacophila_brunnea_vemna_group,NV
Rhyacophila_hyalinata_group,NV
Rhyacophila_sibirica_group,NV
Rhyacophila_vagrita_group,NV
Rhyacophila_verrula_group,NV
Rhyacophila_vofixa_group,NV
Serratella,NV
Sialis,NV
Simulium,NV
Skwala,NV
Soyedina,NV
Sperchon,NV
Sperchonopsis,NV
Stempellina,NV
Stempellinella,NV
Stenonema,NV
Stictochironomus,NV
Suwallia,NV
Sweltsa,NV
Synorthocladius,NV
Tabanidae,NV
Tanytarsus,NV
Testudacarus,NV
Thaumaleidae,NV
Thienemanniella,NV
Thienemannimyia_group,NV
Timpanoga,NV
Tipula,NV
Torrenticola,NV
Triaenodes,NV
Tricorythodes,NV
Tvetenia,NV
Valvata,NV
Visoka,NV
Wandesia,NV
Wiedemannia,NV
Wormaldia,NV
Xestochironomus,NV
Ylodes,NV
Yoraperla,NV
Zaitzevia,NV
Zapada_cinctipes,NV
Zapada_columbiana,NV
Zapada_oregonensis_group,NV
Acentrella,ORWCCP
Acerpenna,ORWCCP
Acneus,ORWCCP
Agapetus,ORWCCP
Agraylea,ORWCCP
Allocosmoecus,ORWCCP
Allomyia,ORWCCP
Alloperla,ORWCCP
Ameletus,ORWCCP
Amiocentrus,ORWCCP
Amphicosmoecus_canax,ORWCCP
Amphizoa,ORWCCP
Ampumixis,ORWCCP
Anagapetus,ORWCCP
Antocha,ORWCCP
Apatania,ORWCCP
Arctopsyche,ORWCCP
Asellidae,ORWCCP
Atherix,ORWCCP
Atractelmis_wawona,ORWCCP
Attenella,ORWCCP
Baetis,ORWCCP
Blephariceridae,ORWCCP
Brachycentrus,ORWCCP
Caenis,ORWCCP
Calineuria,ORWCCP
Callibaetis,ORWCCP
Calliperla,ORWCCP
Capniidae,ORWCCP
Cascadoperla,ORWCCP
Caudatella,ORWCCP
Centroptilum,ORWCCP
Ceraclea,ORWCCP
Ceratopogoninae,ORWCCP
Chelifera/,ORWCCP
Cheumatopsyche,ORWCCP
Chimarra,ORWCCP
Chironominae,ORWCCP
Chrysomelidae,ORWCCP
Chyrandra_centralis,ORWCCP
Cinygma,ORWCCP
Cinygmula,ORWCCP
Claassenia,ORWCCP
Cleptelmis,ORWCCP
Clinocera,ORWCCP
Cnidaria,ORWCCP
Coenagrionidae,ORWCCP
Cordulegaster,ORWCCP
Corydalidae,ORWCCP
Cryptochia,ORWCCP
Cryptolabis,ORWCCP
Culicidae,ORWCCP
Cultus,ORWCCP
Curculionidae,ORWCCP
Desmona,ORWCCP
Despaxia,ORWCCP
Deuterophlebia,ORWCCP
Diamesinae,ORWCCP
Dicosmoecus,ORWCCP
Dicranota,ORWCCP
Diphetor_hageni,ORWCCP
Diura,ORWCCP
Dixa,ORWCCP
Dixella,ORWCCP
Dolichopodidae,ORWCCP
Dolophilodes,ORWCCP
Doroneuria,ORWCCP
Drunella_coloradensis/flavilinea,ORWCCP
Drunella_doddsi,ORWCCP
Drunella_grandis,ORWCCP
Drunella_pelosa,ORWCCP
Drunella_spinifera,ORWCCP
Dubiraphia,ORWCCP
Dytiscidae,ORWCCP
Ecclisocosmoecus,ORWCCP
Ecclisomyia,ORWCCP
Eogammarus,ORWCCP
Epeorus,ORWCCP
Ephemerella,ORWCCP
Ephemeridae,ORWCCP
Ephydridae,ORWCCP
Erioptera,ORWCCP
Eubrianax_edwardsi,ORWCCP
Fallceon_quilleri,ORWCCP
Farula,ORWCCP
Ferrissia,ORWCCP
Forcipomyiinae,ORWCCP
Frisonia,ORWCCP
Gammarus,ORWCCP
Glossosoma,ORWCCP
Glutops,ORWCCP
Goera,ORWCCP
Goeracea,ORWCCP
Gomphidae,ORWCCP
Gonomyia,ORWCCP
Gonomyodes,ORWCCP
Gumaga,ORWCCP
Haliplidae,ORWCCP
Haploperla,ORWCCP
Helichus,ORWCCP
Helicopsyche,ORWCCP
Hemerodromia,ORWCCP
Heptagenia,ORWCCP
Hesperoconopa,ORWCCP
Hesperoperla,ORWCCP
Hesperophylax,ORWCCP
Heterelmis,ORWCCP
Heterlimnius,ORWCCP
Heteroplectron,ORWCCP
Hexatoma,ORWCCP
Himalopsyche,ORWCCP
Hirudinea,ORWCCP
Homophylax,ORWCCP
Hyalella,ORWCCP
Hydatophylax,ORWCCP
Hydraenidae,ORWCCP
Hydrobiidae,ORWCCP
Hydrochus,ORWCCP
Hydrophilidae,ORWCCP
Hydropsyche,ORWCCP
Hydroptila,ORWCCP
Ironodes,ORWCCP
Isogenoides,ORWCCP
Isonychiidae,ORWCCP
Isoperla,ORWCCP
Juga,ORWCCP
Kathroperla,ORWCCP
Kogotus,ORWCCP
Lara,ORWCCP
Lepidostoma,ORWCCP
Leptophlebiidae,ORWCCP
Leucotrichia,ORWCCP
Leuctra,ORWCCP
Libellulidae,ORWCCP
Limnephilus,ORWCCP
Limnophila,ORWCCP
Limonia,ORWCCP
Lymnaeidae,ORWCCP
Malenka,ORWCCP
Maruina,ORWCCP
Megarcys,ORWCCP
Meringodixa,ORWCCP
Micrasema,ORWCCP
Microcylloepus,ORWCCP
Molophilus,ORWCCP
Moselia,ORWCCP
Muscidae,ORWCCP
Mystacides,ORWCCP
Narpus,ORWCCP
Neaviperla,ORWCCP
Nectopsyche,ORWCCP
Nematoda,ORWCCP
Nematomorpha,ORWCCP
Nemoura,ORWCCP
Neophylax,ORWCCP
Neoplasta,ORWCCP
Neothremma,ORWCCP
Neotrichia,ORWCCP
Nixe/Leucocruta,ORWCCP
Ochrotrichia,ORWCCP
Odontoceridae,ORWCCP
Oecetis,ORWCCP
Oligochaeta,ORWCCP
Oligophlebodes,ORWCCP
Onocosmoecus,ORWCCP
Optioservus,ORWCCP
Ordobrevia,ORWCCP
Oreogeton,ORWCCP
Ormosia,ORWCCP
Orthocladiinae,ORWCCP
Osobenus,ORWCCP
Ostracoda,ORWCCP
Ostrocerca,ORWCCP
Palaegapetus,ORWCCP
Paraleuctra,ORWCCP
Paraperla,ORWCCP
Parapsyche,ORWCCP
Paucicalcaria,ORWCCP
Pedicia,ORWCCP
Pedomoecus,ORWCCP
Pericoma/Telmatoscopus,ORWCCP
Perlinodes,ORWCCP
Perlomyia,ORWCCP
Petrophila,ORWCCP
Philocasca,ORWCCP
Phryganeidae,ORWCCP
Physa,ORWCCP
Pilaria,ORWCCP
Pisidiidae,ORWCCP
Planorbidae,ORWCCP
Plumiperla,ORWCCP
Podmosta,ORWCCP
Podonominae,ORWCCP
Polycentropodidae,ORWCCP
Procloeon,ORWCCP
Prodiamesinae,ORWCCP
Prosimulium,ORWCCP
Prostoia,ORWCCP
Prostoma,ORWCCP
Protoptila,ORWCCP
Psephenus,ORWCCP
Pseudocloeon,ORWCCP
Pseudostenophylax,ORWCCP
Psychoda,ORWCCP
Psychoglypha,ORWCCP
Psychomyia,ORWCCP
Pteronarcella,ORWCCP
Pteronarcys,ORWCCP
Ptilodactylidae,ORWCCP
Ptychopteridae,ORWCCP
Rhabdomastix,ORWCCP
Rhithrogena,ORWCCP
Rhizelmis,ORWCCP
Rhyacophila,ORWCCP
Rickera,ORWCCP
Sciomyzidae,ORWCCP
Scirtidae,ORWCCP
Serratella,ORWCCP
Setvena,ORWCCP
Sialis,ORWCCP
Sierraperla,ORWCCP
Simulium,ORWCCP
Siphlonuridae,ORWCCP
Skwala,ORWCCP
Soliperla,ORWCCP
Soyedina,ORWCCP
Stactobiella,ORWCCP
Staphylinidae,ORWCCP
Stenelmis,ORWCCP
Stenonema,ORWCCP
Stratiomyidae,ORWCCP
Suwallia,ORWCCP
Sweltsa,ORWCCP
Tabanidae,ORWCCP
Taeniopterygidae,ORWCCP
Tanypodinae,ORWCCP
Thaumalea,ORWCCP
Timpanoga_hecuba,ORWCCP
Tipula,ORWCCP
Tricorythodes,ORWCCP
Trombidiformes,ORWCCP
Turbellaria,ORWCCP
Twinnia,ORWCCP
Unionidae,ORWCCP
Visoka,ORWCCP
Wiedemannia,ORWCCP
Wormaldia,ORWCCP
Yoraperla,ORWCCP
Zaitzevia,ORWCCP
Zapada,ORWCCP
Acentrella,ORMWCF
Acneus,ORMWCF
Agapetus,ORMWCF
Agraylea,ORMWCF
Allocosmoecus,ORMWCF
Alloperla,ORMWCF
Ameletus,ORMWCF
Amiocentrus,ORMWCF
Ampumixis,ORMWCF
Anagapetus,ORMWCF
Antocha,ORMWCF
Apatania,ORMWCF
Arctopsyche,ORMWCF
Asellidae,ORMWCF
Atherix,ORMWCF
Attenella,ORMWCF
Baetis,ORMWCF
Blephariceridae,ORMWCF
Brachycentrus,ORMWCF
Caenis,ORMWCF
Calineuria,ORMWCF
Calliperla,ORMWCF
Capniidae,ORMWCF
Cascadoperla,ORMWCF
Caudatella,ORMWCF
Centroptilum,ORMWCF
Ceraclea,ORMWCF
Ceratopogoninae,ORMWCF
Chelifera_,ORMWCF
Cheumatopsyche,ORMWCF
Chironominae,ORMWCF
Chrysomelidae,ORMWCF
Chyrandra_centralis,ORMWCF
Cinygma,ORMWCF
Cinygmula,ORMWCF
Claassenia,ORMWCF
Cleptelmis,ORMWCF
Clinocera,ORMWCF
Coenagrionidae,ORMWCF
Cordulegaster,ORMWCF
Corydalidae,ORMWCF
Cryptochia,ORMWCF
Cryptolabis,ORMWCF
Culicidae,ORMWCF
Cultus,ORMWCF
Curculionidae,ORMWCF
Despaxia,ORMWCF
Diamesinae,ORMWCF
Dicosmoecus,ORMWCF
Dicranopselaphus,ORMWCF
Dicranota,ORMWCF
Diphetor_hageni,ORMWCF
Diura,ORMWCF
Dixa,ORMWCF
Dixella,ORMWCF
Dolichopodidae,ORMWCF
Dolophilodes,ORMWCF
Doroneuria,ORMWCF
Drunella_coloradensis_flavilinea,ORMWCF
Drunella_doddsi,ORMWCF
Drunella_grandis,ORMWCF
Drunella_pelosa,ORMWCF
Drunella_spinifera,ORMWCF
Dubiraphia,ORMWCF
Dytiscidae,ORMWCF
Ecclisocosmoecus,ORMWCF
Ecclisomyia,ORMWCF
Eogammarus,ORMWCF
Epeorus,ORMWCF
Ephemerella,ORMWCF
Ephemeridae,ORMWCF
Ephydridae,ORMWCF
Erioptera,ORMWCF
Eubrianax_edwardsi,ORMWCF
Fallceon_quilleri,ORMWCF
Farula,ORMWCF
Ferrissia,ORMWCF
Forcipomyiinae,ORMWCF
Frisonia,ORMWCF
Gammarus,ORMWCF
Glossosoma,ORMWCF
Glutops,ORMWCF
Goera,ORMWCF
Goeracea,ORMWCF
Gomphidae,ORMWCF
Gumaga,ORMWCF
Haliplidae,ORMWCF
Helicopsyche,ORMWCF
Hemerodromia,ORMWCF
Hesperoconopa,ORMWCF
Hesperoperla,ORMWCF
Heterlimnius,ORMWCF
Heteroplectron,ORMWCF
Hexatoma,ORMWCF
Hirudinea,ORMWCF
Hyalella,ORMWCF
Hydatophylax,ORMWCF
Hydraenidae,ORMWCF
Hydrobiidae,ORMWCF
Hydrophilidae,ORMWCF
Hydropsyche,ORMWCF
Hydroptila,ORMWCF
Ironodes,ORMWCF
Isonychiidae,ORMWCF
Isoperla,ORMWCF
Juga,ORMWCF
Kathroperla,ORMWCF
Kogotus,ORMWCF
Lara,ORMWCF
Lepidostoma,ORMWCF
Leptophlebiidae,ORMWCF
Leucotrichia,ORMWCF
Leuctra,ORMWCF
Limnephilus,ORMWCF
Limnophila,ORMWCF
Limonia,ORMWCF
Lymnaeidae,ORMWCF
Malenka,ORMWCF
Maruina,ORMWCF
Megarcys,ORMWCF
Meringodixa,ORMWCF
Micrasema,ORMWCF
Molophilus,ORMWCF
Moselia,ORMWCF
Muscidae,ORMWCF
Mystacides,ORMWCF
Narpus,ORMWCF
Neaviperla,ORMWCF
Nectopsyche,ORMWCF
Nematoda,ORMWCF
Neophylax,ORMWCF
Neoplasta,ORMWCF
Neothremma,ORMWCF
Neotrichia,ORMWCF
Nixe_Leucocruta,ORMWCF
Ochrotrichia,ORMWCF
Odontoceridae,ORMWCF
Oecetis,ORMWCF
Oligochaeta,ORMWCF
Oligophlebodes,ORMWCF
Onocosmoecus,ORMWCF
Optioservus,ORMWCF
Ordobrevia,ORMWCF
Oreogeton,ORMWCF
Orthocladiinae,ORMWCF
Ostracoda,ORMWCF
Ostrocerca,ORMWCF
Palaegapetus,ORMWCF
Paraleuctra,ORMWCF
Paraperla,ORMWCF
Parapsyche,ORMWCF
Pedicia,ORMWCF
Pericoma_Telmatoscopus,ORMWCF
Perlinodes,ORMWCF
Petrophila,ORMWCF
Philocasca,ORMWCF
Physa,ORMWCF
Pilaria,ORMWCF
Pisidiidae,ORMWCF
Planorbidae,ORMWCF
Plumiperla,ORMWCF
Podonominae,ORMWCF
Polycentropodidae,ORMWCF
Prodiamesinae,ORMWCF
Prosimulium,ORMWCF
Prostoma,ORMWCF
Protoptila,ORMWCF
Psephenus,ORMWCF
Pseudocloeon,ORMWCF
Pseudostenophylax,ORMWCF
Psychoda,ORMWCF
Psychoglypha,ORMWCF
Psychomyia,ORMWCF
Pteronarcella,ORMWCF
Pteronarcys,ORMWCF
Ptilodactylidae,ORMWCF
Ptychopteridae,ORMWCF
Rhabdomastix,ORMWCF
Rhithrogena,ORMWCF
Rhizelmis,ORMWCF
Rhyacophila,ORMWCF
Serratella,ORMWCF,
Sialis,ORMWCF
Simulium,ORMWCF
Skwala,ORMWCF
Soliperla,ORMWCF
Soyedina,ORMWCF
Staphylinidae,ORMWCF
Stenonema,ORMWCF
Stratiomyidae,ORMWCF
Suwallia,ORMWCF
Sweltsa,ORMWCF
Tabanidae,ORMWCF
Taeniopterygidae,ORMWCF
Tanypodinae,ORMWCF
Thaumalea,ORMWCF
Timpanoga_hecuba,ORMWCF
Tipula,ORMWCF
Tricorythodes,ORMWCF
Trombidiformes,ORMWCF
Turbellaria,ORMWCF
Unionidae,ORMWCF
Visoka,ORMWCF
Wiedemannia,ORMWCF
Wormaldia,ORMWCF
Yoraperla,ORMWCF
Zaitzevia,ORMWCF
Zapada,ORMWCF
Baetis,ORNBR
Brachycentrus,ORNBR
Chironominae,ORNBR
Diphetor_hageni,ORNBR
Epeorus Zaitzevia,ORNBR
Optioservus,ORNBR
Orthocladiinae,ORNBR
Rhyacophila,ORNBR
Trombidiformes,ORNBR
Acarina,COMMI
Agabus bjorkmanae,COMMI
Agabus minnesotensis adults,COMMI
Agabus obliteratus ,COMMI
Agabus semivittatus adults,COMMI
Agabus sp. adults,COMMI
Agabus austini,COMMI
Ambrysus sp. Adults,COMMI
Ametor scabrosus adults,COMMI
Anacaena sp. Adults,COMMI
Araneidae,COMMI
Archanara,COMMI
Atrichopogon sp,COMMI
Baetic tricaudatus group,COMMI
Berosus peregrinus adults,COMMI
Berosus striatus adults,COMMI
Brychius hornii adults,COMMI
Capniinae,COMMI
Capnura wanica,COMMI
Cenocorixa utahensis,COMMI
Chilo,COMMI
Choroterpes mexicanus,COMMI
Chromagrion conditum,COMMI
Cinygmula par,COMMI
Cleptelmis ornata adults,COMMI
Clinotanypus aureus,COMMI
Cordulia shurtleffii,COMMI
Corydalus texanus,COMMI
Crangonyx gracilis,COMMI
Cricotopus (Cricotopus) tremulus,COMMI
Cricotopus (Cricotopus) trifascia,COMMI
Cricotopus (Nostocladius),COMMI
Cricotopus (Nostococladius) nostocicola,COMMI
Cricotopus absurdus,COMMI
Cricotopus albiforceps,COMMI
Cricotopus cf. trifascia,COMMI
Cricotopus curtus gr,COMMI
Cricotopus isocladius,COMMI
Cricotopus isocladius group,COMMI
Cryptochironomus sorex,COMMI
Cymbiodyta sp. adults,COMMI
Dero (Dero) nivea,COMMI
Deuterophlebia coloradodensis,COMMI
Drunella doddsi,COMMI
Dubiraphia sp. adults,COMMI
Eclipidrilus palustris,COMMI
Eiseniella,COMMI
Enochrus ochraceus adults,COMMI
Enochrus pygmaeus adults,COMMI
Ephemerella dorothea/infrequens,COMMI
Erpobdella dubia,COMMI
Eukiefferiella rectangularis,COMMI
Euorthocladius,COMMI
Gymnochthebius sp. adults,COMMI
Haliplus immaculicollis adults,COMMI
Helichus striatus adults,COMMI
Helichus suturalis adults,COMMI
Helodon onychodactylus,COMMI
Helopelopia,COMMI
Helophorus sp. Adults,COMMI
Heterlimnius corpulentus adults,COMMI
Hydraena sp. Adults,COMMI
Hydroporus crassulus,COMMI
Hydroporus hybridus,COMMI
Hydroporus sp. Adults,COMMI
Hydropsyche cockerelli,COMMI
Hydropsyche slossonae,COMMI
Hydropsyche sp. ,COMMI
Hydroptila consimilis Morton,COMMI
Hydrotrupes,COMMI
Ilyodrilus/Tubifex  ,COMMI
Labrundinia becki,COMMI
Labrundinia virescens,COMMI
Laccobius agilis,COMMI
Laccobius sp. adults,COMMI
Laccodytes pumilio,COMMI
Laccophilus maculosus adults,COMMI
Laccophilus maculosus/decipiens ,COMMI
Limnodrilus maumeensis,COMMI
Liodessus obscurellus adults,COMMI
Lispoides,COMMI
Lispoides aequifrons ,COMMI
Metriocnemus hygropetricus group,COMMI
Miathyria,COMMI
Microcylloepus pusillus adults,COMMI
Micropsectra group,COMMI
Nais spp.,COMMI
Narpus concolor adults,COMMI
Nematoda,COMMI
Neoporus sp. adults,COMMI
Nixe simplicioides,COMMI
Nostococladius,COMMI
Notonecta undulata adults,COMMI
Ochthebius sp. adults,COMMI
Oecetis avara/disjuncta,COMMI
Onychylis,COMMI
Optioservus sp. adults,COMMI
Oreodytes congruus adults,COMMI
Oreodytes scitulus adults,COMMI
Orthocladiinae Heterotrissocladius,COMMI
Orthocladius complex,COMMI
Orthocladius dubitatus,COMMI
Orthocladius lignicola,COMMI
Orthocladius/Cricotopus,COMMI
Paracladopelma nigritula,COMMI
Paracymus sp. adults,COMMI
Parakiefferiella bathyphila,COMMI
Paralauterborniella nigrohalteralis,COMMI
Paratanytarsus group,COMMI
Parydra,COMMI
Peltodytes edentulus adults,COMMI
Perlomyia utahensis,COMMI
Placobdella translucens,COMMI
Polypedilum fallax group,COMMI
Pristina longiseta,COMMI
Pristina osborni,COMMI
Pristina sima,COMMI
Pristina synclites,COMMI
Pristinella longisoma,COMMI
Prosimulium onychodactylum,COMMI
Psectrocladius elatus,COMMI
Pseudochironomus group,COMMI
Psuedocloeon,COMMI
Psychoronia costalis,COMMI
Pteronarcella californica,COMMI
Pyroderces,COMMI
Rheotanytarsus pentapoda,COMMI
Rhyacophila blavina,COMMI
Rhyacophila brunnea/vemna,COMMI
Rhyacophila siberica group,COMMI
Sanfilipodytes,COMMI
Sigara trilineata adults,COMMI
Sigara washingtonensis adults,COMMI
Simulium vittatum complex,COMMI
Slavinia,COMMI
Sperchon (Palpispercon),COMMI
Sperchon crassipalpus,COMMI
Sperchon/Sperchonopsis  ,COMMI
Stempellinella bausei,COMMI
Stenelmis sp. adults,COMMI
Stictotarsus aequinoctialis adults,COMMI
Stictotarsus griseostriatus adults,COMMI
Stictotarsus striatellus adults,COMMI
Symposiocladius,COMMI
Taenionema/Doddsia,COMMI
Tanysphyrus,COMMI
Tanytarsus gregarius,COMMI
Tanytarsus group,COMMI
Thienemannimyia barberi,COMMI
Trichocorixa kanza,COMMI
Tricorythodes edmundsi,COMMI
Tricorythodes explicatus,COMMI
Tropisternus ellipticus,COMMI
Tropisternus ellipticus adults,COMMI
Tropisternus lateralis adults,COMMI
Tropisternus lateralis limbalis,COMMI
Tropisternus lateralis nimbatus adults,COMMI
Tropisternus sp. adults,COMMI
Tubificidae w/o cap. Setae,COMMI
Tubificidae w/o Capilliform Chaetae,COMMI
Tubificidae w/o hair chaetae,COMMI
Tubificidae with hair chaetae,COMMI
Tvetenia calvescens,COMMI
Tvetenia discoloripes,COMMI
Unid. Nematoda,COMMI
Uvarus lacustris adults,COMMI
Zaitzevia parvula,COMMI
Zaitzevia parvula adults,COMMI
Zapada cintipes,COMMI
Acari,UTDEQ
Acarina,UTDEQ
Acentrella,UTDEQ
Aeshna,UTDEQ
Agabus,UTDEQ
Agapetus,UTDEQ
Agraylea,UTDEQ
Allomyia,UTDEQ
Ameletus,UTDEQ
Ametor,UTDEQ
Amiocentrus,UTDEQ
Amphicosmoecus,UTDEQ
Amphinemura,UTDEQ
Amphizoa,UTDEQ
Ampumixis,UTDEQ
Anagapetus,UTDEQ
Antocha,UTDEQ
Apatania,UTDEQ
Archilestes,UTDEQ
Arctopsyche,UTDEQ
Argia,UTDEQ
Asellidae,UTDEQ
Asioplax,UTDEQ
Astacidae,UTDEQ
Atherix,UTDEQ
Attenella,UTDEQ
Baetidae_Misc,UTDEQ
Baetodes,UTDEQ
Berosus,UTDEQ
Blephariceridae,UTDEQ
Brachycentrus,UTDEQ
Brachycercus,UTDEQ
Branchiobdellida,UTDEQ
Brychius,UTDEQ
Caenis,UTDEQ
Calineuria,UTDEQ
Callibaetis,UTDEQ
Caloparyphus_Euparyphus,UTDEQ
Calopterygidae,UTDEQ
Cambaridae,UTDEQ
Camelobaetidius,UTDEQ
Capniidae,UTDEQ
Caudatella,UTDEQ
Ceraclea,UTDEQ
Ceratopogoninae,UTDEQ
Cercobrachys,UTDEQ
Chelifera_Metachela_Neoplasta,UTDEQ
Cheumatopsyche,UTDEQ
Chimarra,UTDEQ
Chironominae,UTDEQ
Chloroperlidae,UTDEQ
Choroterpes,UTDEQ
Cinygmula,UTDEQ
Claassenia_sabulosa,UTDEQ
Cleptelmis,UTDEQ
Clinocera,UTDEQ
Corbicula,UTDEQ
Cordulegaster,UTDEQ
Corixidae,UTDEQ
Corydalus,UTDEQ
Culicidae,UTDEQ
Culoptila/Protoptila,UTDEQ
Cultus,UTDEQ
Curculionidae,UTDEQ
Deuterophlebia,UTDEQ
Diamesinae,UTDEQ
Dicosmoecus,UTDEQ
Dicranota,UTDEQ
Diphetor,UTDEQ
Diura,UTDEQ
Dixa,UTDEQ
Dixella,UTDEQ
Dolichopodidae,UTDEQ
Dolophilodes,UTDEQ
Doroneuria,UTDEQ
Drunella,UTDEQ
Dubiraphia,UTDEQ
Ecclisomyia,UTDEQ
Epeorus,UTDEQ
Ephemera,UTDEQ
Ephemerella,UTDEQ
Ephoron,UTDEQ
Ephydridae,UTDEQ
Erioptera,UTDEQ
Erpobdellidae,UTDEQ
Fallceon,UTDEQ
Ferrissia,UTDEQ
Forcipomyiinae,UTDEQ
Gammarus,UTDEQ
Gelastocoris,UTDEQ
Glossiphoniidae,UTDEQ
Glossosoma,UTDEQ
Glutops,UTDEQ
Gomphidae,UTDEQ
Gumaga,UTDEQ
Gyrinus,UTDEQ
Haemopidae,UTDEQ
Haliplus,UTDEQ
Helichus,UTDEQ
Helicopsyche,UTDEQ
Helophorus,UTDEQ
Hemerodromia,UTDEQ
Heptagenia,UTDEQ
Hesperoconopa,UTDEQ
Hesperoperla,UTDEQ
Hesperophylax,UTDEQ
Heterelmis,UTDEQ
Heterlimnius,UTDEQ
Hexatoma,UTDEQ
Hyalella,UTDEQ
Hydraena,UTDEQ
Hydrobius,UTDEQ
Hydroporus,UTDEQ
Hydropsyche_Ceratopsyche,UTDEQ
Hydroptila,UTDEQ
Ironodes,UTDEQ
Isogenoides,UTDEQ
Isoperla,UTDEQ
Ithytrichia,UTDEQ
Juga,UTDEQ
Kogotus,UTDEQ
Laccobius,UTDEQ
Laccophilus,UTDEQ
Lara,UTDEQ
Lepidoptera,UTDEQ
Lepidostoma,UTDEQ
Leptophlebia,UTDEQ
Leucotrichia,UTDEQ
Leucrocuta,UTDEQ
Leuctridae,UTDEQ
Libellulidae,UTDEQ
Limnephilus,UTDEQ
Limnophila,UTDEQ
Limonia,UTDEQ
Liodessus,UTDEQ
Lymnaea,UTDEQ
Malenka,UTDEQ
Maruina,UTDEQ
Mayatrichia,UTDEQ
Megarcys,UTDEQ
Meringodixa,UTDEQ
Micrasema,UTDEQ
Microcylloepus,UTDEQ
Molophilus,UTDEQ
Muscidae,UTDEQ
Narpus,UTDEQ
Naucoridae,UTDEQ
Nectopsyche,UTDEQ
Nematoda,UTDEQ
Nematomorpha,UTDEQ
Neophylax,UTDEQ
Neothremma,UTDEQ
Neotrichia,UTDEQ
Nixe,UTDEQ
Notonectidae,UTDEQ
Ochrotrichia,UTDEQ
Ochthebius,UTDEQ
Oecetis,UTDEQ
Oligophlebodes,UTDEQ
Onocosmoecus,UTDEQ
Oplonaeschna,UTDEQ
Optioservus,UTDEQ
Ordobrevia,UTDEQ
Oreodytes,UTDEQ
Oreogeton,UTDEQ
Ormosia,UTDEQ
Orthocladiinae,UTDEQ
Other_Coenagrionidae,UTDEQ
Other_Hydrobiidae,UTDEQ
Other_Lymnaeidae,UTDEQ
Other_Oligochaeta,UTDEQ
Other_Polycentropodidae,UTDEQ
Oxyethira,UTDEQ
Paracymus,UTDEQ
Paraleptophlebia,UTDEQ
Parapsyche,UTDEQ
Pedicia,UTDEQ
Pedomoecus,UTDEQ
Peltodytes,UTDEQ
Pericoma_Telmatoscopus,UTDEQ
Physa_Physella,UTDEQ
Pisidiidae,UTDEQ
Planorbidae,UTDEQ
Podmosta,UTDEQ
Podonominae,UTDEQ
Polycentropus,UTDEQ
Postelichus,UTDEQ
Potamopyrgus_antipodarum,UTDEQ
Potamyia,UTDEQ
Prodiamesinae,UTDEQ
Psychoda,UTDEQ
Psychoglypha,UTDEQ
Psychomyia,UTDEQ
Pteronarcella,UTDEQ
Pteronarcys,UTDEQ
Ptychopteridae,UTDEQ
Rhabdomastix,UTDEQ
Rhithrogena,UTDEQ
Rhyacophila,UTDEQ
Sciomyzidae,UTDEQ
Scirtidae,UTDEQ
Serratella,UTDEQ
Sialis,UTDEQ
Simuliidae,UTDEQ
Siphlonuridae,UTDEQ
Skwala,UTDEQ
Smicridea,UTDEQ
Staphylinidae,UTDEQ
Stenacron,UTDEQ
Stenelmis,UTDEQ
Stenonema,UTDEQ
Stictotarsus,UTDEQ
Stratiomys,UTDEQ
Syrphidae,UTDEQ
Tabanidae,UTDEQ
Taeniopterygidae,UTDEQ
Tanyderidae,UTDEQ
Tanypodinae,UTDEQ
Thaumaleidae,UTDEQ
Timpanoga_hecuba,UTDEQ
Tinodes,UTDEQ
Tipula,UTDEQ
Traverella,UTDEQ
Trichoclinocera,UTDEQ
Tricorythodes,UTDEQ
Tropisternus,UTDEQ
Turbellaria,UTDEQ
Unionidae,UTDEQ
Valvata,UTDEQ
Wiedemannia,UTDEQ
Wormaldia,UTDEQ
Ylodes,UTDEQ
Zaitzevia,UTDEQ
Zapada,UTDEQ
Acentrella,AK
Aeshnidae,AK
Agabus,AK
Alaskaperla,AK
Allomyia,AK
Alloperla,AK
Ameletus,AK
Amphinemura,AK
Apatania,AK
Arctodiamesa,AK
Arcynopteryx,AK
Attenella,AK
Baetis,AK
Boreochlus,AK
Boreoheptagyia,AK
Brachycentrus,AK
Brillia,AK
Bryophaenocladius,AK
Caenis,AK
Cardiocladius,AK
Caudatella,AK
Ceratopogoninae,AK
Chaetocladius,AK
Chelifera_Metachela_Neoplasta,AK
Chironomus,AK
Cinygma,AK
Cinygmula,AK
Cladotanytarsus,AK
Clinocera,AK
Cnephia,AK
Constempellina,AK
Corixidae,AK
Corynoneura,AK
Crambidae,AK
Cricotopus,AK
Cryptochironomus,AK
Culicidae,AK
Demicryptochironomus,AK
Deuterophlebia,AK
Diamesa,AK
Dicosmoecus,AK
Dicranota,AK
Dicrotendipes,AK
Diplocladius,AK
Diura,AK
Dixa,AK
Dixella,AK
Dolichopodidae,AK
Drunella_coloradensis_flavilinea,AK
Drunella_doddsii,AK
Drunella_spinifera,AK
Ecclisocosmoecus,AK
Ecclisomyia,AK
Epeorus,AK
Ephemerella_aurivillii,AK
Ephydridae,AK
Eukiefferiella,AK
Forcipomyiinae,AK
Gammarus,AK
Glossosoma,AK
Glutops,AK
Glyphopsyche,AK
Gonomyodes,AK
Greniera,AK
Grensia,AK
Gymnopais,AK
Heleniella,AK
Helodon,AK
Hesperoconopa,AK
Hesperophylax,AK
Heterotanytarsus,AK
Heterotrissocladius,AK
Homophylax,AK
Hyalella,AK
Hydatophylax,AK
Hydraenidae,AK
Hydrobaenus,AK
Hydroptila,AK
Hydrosmittia,AK
Hydryphantidae,AK
Hygrobatidae,AK
Isoperla,AK
Krenosmittia,AK
Lappodiamesa,AK
Lebertia,AK
Leuctridae,AK
Limnophila,AK
Limnophyes,AK
Limonia,AK
Lipiniella,AK
Lymnaeidae,AK
Malenka,AK
Metacnephia,AK
Metriocnemus,AK
Micrasema,AK
Micropsectra,AK
Molophilus,AK
Monodiamesa,AK
Muscidae,AK
Mystacides,AK
Nanocladius,AK
Nectopsyche,AK
Nematoda,AK
Nemoura,AK
Neophylax,AK
Ochrotrichia,AK
Odontomesa,AK
Oreogeton,AK
Ormosia,AK
Orthocladius,AK
Ostracoda,AK
Other_Coenagrionidae,AK
Other_Oligochaeta,AK
Oxyethira,AK
Pagastia,AK
Parachaetocladius,AK
Parachironomus,AK
Paracladopelma,AK
Paracricotopus,AK
Parakiefferiella,AK
Paraleptophlebia,AK
Parametriocnemus,AK
Paraperla,AK
Paraphaenocladius,AK
Paratanytarsus,AK
Parorthocladius,AK
Pedicia,AK
Pericoma_Telmatoscopus,AK
Phaenopsectra,AK
Phoridae,AK
Physidae,AK
Pisidiidae,AK
Planorbidae,AK
Platysmittia,AK
Plumiperla,AK
Podmosta,AK
Polypedilum,AK
Prodiamesa,AK
Prosimulium,AK
Prostoia,AK
Protanypus,AK
Psectrocladius,AK
Pseudodiamesa,AK
Pseudokiefferiella,AK
Pseudorthocladius,AK
Pseudosmittia,AK
Psychoglypha,AK
Pteronarcella,AK
Rhabdomastix,AK
Rheocricotopus,AK
Rheosmittia,AK
Rheotanytarsus,AK
Rhithrogena,AK
Rhyacophila_alberta_group,AK
Rhyacophila_brunnea_vemna_group,AK
Rhyacophila_rickeri,AK
Rhyacophila_vofixa_group,AK
Saetheria,AK
Sciomyzidae,AK
Sergentia,AK
Serratella,AK
Simulium,AK
Skwala,AK
Smittia,AK
Sperchon,AK
Sperchonopsis,AK
Sphaeriidae,AK
Staphylinidae,AK
Stempellina,AK
Stempellinella,AK
Stenochironomus,AK
Stictochironomus,AK
Stilocladius,AK
Stratiomyidae,AK
Stygobromus,AK
Sublettea,AK
Suwallia,AK
Sympotthastia,AK
Synorthocladius,AK
Tabanidae,AK
Taeniopterygidae,AK
Tanypodinae,AK
Tanytarsus,AK
Thaumaleidae,AK
Thienemannia,AK
Thienemanniella,AK
Tipula,AK
Tokunagaia,AK
Trichoclinocera,AK
Trichotanypus,AK
Turbellaria,AK
Tvetenia,AK
Twinnia,AK
Valvata,AK
Vivacricotopus,AK
Wiedemannia,AK
Yoraperla,AK
Zalutschia,AK
Zapada_cinctipes,AK
Zapada_columbiana_oregonensis,AK
Acanthametropus,OTUCode2
Acantharchus,OTUCode2
Acanthocyclops,OTUCode2
Acanthodiaptomus,OTUCode2
Acari,OTUCode2
Acentrella,OTUCode2
Acerpenna,OTUCode2
Acilius,OTUCode2
Acipenser,OTUCode2
Acneus,OTUCode2
Acrocheilus,OTUCode2
Acroneuria,OTUCode2
Acroperus,OTUCode2
Adicrophleps,OTUCode2
Adinia,OTUCode2
Aeshna,OTUCode2
Africophilus,OTUCode2
Agabetes,OTUCode2
Agabinus,OTUCode2
Agabus,OTUCode2
Agapetus,OTUCode2
Agarodes,OTUCode2
Aglaodiaptomus,OTUCode2
Agnetina,OTUCode2
Agonostomus,OTUCode2
Agosia,OTUCode2
Agraylea,OTUCode2
Alisotrichia,OTUCode2
Allenhyphes,OTUCode2
Allocosmoecus,OTUCode2
Allocrangonyx,OTUCode2
Allognosta,OTUCode2
Allomyia,OTUCode2
Allosmerus,OTUCode2
Alona,OTUCode2
Alonella,OTUCode2
Alosa,OTUCode2
Alpheidae,OTUCode2
Ambloplites,OTUCode2
Ameiurus,OTUCode2
Ameletus,OTUCode2
Amercaenis,OTUCode2
Americabaetis,OTUCode2
Americorophium,OTUCode2
Ametor,OTUCode2
Ametropus,OTUCode2
Amia,OTUCode2
Amiocentrus,OTUCode2
Ammocrypta,OTUCode2
Amnicola,OTUCode2
Amphiagrion,OTUCode2
Amphicosmoecus,OTUCode2
Amphinemura,OTUCode2
Amphizoa,OTUCode2
Ampumixis,OTUCode2
Anabolia,OTUCode2
Anacaena,OTUCode2
Anacroneuria,OTUCode2
Anagapetus,OTUCode2
Analetris,OTUCode2
Anax,OTUCode2
Anchoa,OTUCode2
Anchoviella,OTUCode2
Anchycteis,OTUCode2
Anchytarsus,OTUCode2
Ancylidae,OTUCode2
Ancyronyx,OTUCode2
Anepeorus,OTUCode2
Anguilla,OTUCode2
Anisocentropus,OTUCode2
Anisogammarus,OTUCode2
Anodocheilus,OTUCode2
Anoplodonta,OTUCode2
Anthomyiidae,OTUCode2
Anthopotamus,OTUCode2
Antocha,OTUCode2
Anuraeopsis,OTUCode2
Apatania,OTUCode2
Apeltes,OTUCode2
Aphredoderus,OTUCode2
Aplexa,OTUCode2
Aplodinotus,OTUCode2
Apobaetis,OTUCode2
Apocorophium,OTUCode2
Apteraliplus,OTUCode2
Aquarius,OTUCode2
Araeopidius,OTUCode2
Archilestes,OTUCode2
Archoplites,OTUCode2
Arctodiaptomus,OTUCode2
Arctopsyche,OTUCode2
Arcynopteryx,OTUCode2
Argia,OTUCode2
Argis,OTUCode2
Argulus,OTUCode2
Artemia,OTUCode2
Arthroplea,OTUCode2
Ascalaphidae,OTUCode2
Ascaphus,OTUCode2
Ascomorpha,OTUCode2
Asellidae,OTUCode2
Asioplax,OTUCode2
Asplanchna,OTUCode2
Assimineidae,OTUCode2
Astacidae,OTUCode2
Asynarchus,OTUCode2
Atherinomorus,OTUCode2
Atherinops,OTUCode2
Atherinopsis,OTUCode2
Atherix,OTUCode2
Atopsyche,OTUCode2
Atractelmis,OTUCode2
Attaneuria,OTUCode2
Attenella,OTUCode2
Atyoida,OTUCode2
Aulorhynchus,OTUCode2
Baetis,OTUCode2
Baetisca,OTUCode2
Baetodes,OTUCode2
Barbaetis,OTUCode2
Basiaeschna,OTUCode2
Baumanella,OTUCode2
Beauchampiella,OTUCode2
Belonesox,OTUCode2
Beloneuria,OTUCode2
Belostomatidae,OTUCode2
Berosus,OTUCode2
Bidessonotus,OTUCode2
Bidessus,OTUCode2
Bithyniidae,OTUCode2
Bittacomorphella,OTUCode2
Blephariceridae,OTUCode2
Bopyridae,OTUCode2
Bosminidae,OTUCode2
Bosminopsis,OTUCode2
Boyeria,OTUCode2
Brachionus,OTUCode2
Brachycentrus,OTUCode2
Brachycercus,OTUCode2
Brachypremna,OTUCode2
Brachyvatus,OTUCode2
Branchinectidae,OTUCode2
Branchiobdellida,OTUCode2
Branchipodidae,OTUCode2
Brevoortia,OTUCode2
Brychius,OTUCode2
Bryelmis,OTUCode2
Bufo,OTUCode2
Bulimnaea,OTUCode2
Bulinidae,OTUCode2
Caenis,OTUCode2
Caenodes,OTUCode2
Calineuria,OTUCode2
Callibaetis,OTUCode2
Calliperla_luctuosa,OTUCode2
Caloparyphus_Euparyphus,OTUCode2
Calopterygidae,OTUCode2
Cambaridae,OTUCode2
Camelobaetidius,OTUCode2
Campeloma,OTUCode2
Campostoma,OTUCode2
Canaceidae,OTUCode2
Canthocamptidae,OTUCode2
Canthydrus,OTUCode2
Capniidae,OTUCode2
Carabidae,OTUCode2
Carassius,OTUCode2
Caridina,OTUCode2
Carpiodes,OTUCode2
Cascadoperla,OTUCode2
Catostomus,OTUCode2
Caudatella,OTUCode2
Caurinella,OTUCode2
Celina,OTUCode2
Centrarchus,OTUCode2
Centropagidae,OTUCode2
Centroptilum,OTUCode2
Cephalodella,OTUCode2
Ceraclea,OTUCode2
Ceratopogoninae,OTUCode2
Cercobrachys,OTUCode2
Cercopagididae,OTUCode2
Cercopagis,OTUCode2
Cercyon,OTUCode2
Ceriodaphnia_lacustris,OTUCode2
Ceriodaphnia_laticaudata,OTUCode2
Ceriodaphnia_quadrangula,OTUCode2
Ceriodaphnia_reticulata,OTUCode2
Cernotina,OTUCode2
Cetengraulis,OTUCode2
Chaetarthria,OTUCode2
Chaoborus,OTUCode2
Chasmistes,OTUCode2
Chauliodes,OTUCode2
Chelifera_Metachela_Neoplasta,OTUCode2
Chelonarium,OTUCode2
Chernokrilus,OTUCode2
Cheumatopsyche,OTUCode2
Chimarra,OTUCode2
Chironominae,OTUCode2
Chloroperlidae,OTUCode2
Choroterpes,OTUCode2
Chromagrion,OTUCode2
Chrysemys_picta,OTUCode2
Chydorus,OTUCode2
Chyrandra,OTUCode2
Cincinnatia,OTUCode2
Cinygma,OTUCode2
Cinygmula,OTUCode2
Cipangopaludina,OTUCode2
Claassenia,OTUCode2
Cleptelmis,OTUCode2
Climacia,OTUCode2
Clinocera,OTUCode2
Clinostomus,OTUCode2
Clioperla,OTUCode2
Clistoronia,OTUCode2
Cloeodes,OTUCode2
Cloeon,OTUCode2
Clostoeca,OTUCode2
Clupea,OTUCode2
Cochlicopidae,OTUCode2
Cochliopina,OTUCode2
Collotheca,OTUCode2
Colurella,OTUCode2
Colymbetes,OTUCode2
Comptotomus,OTUCode2
Conchostraca,OTUCode2
Conochiloides,OTUCode2
Conochilus,OTUCode2
Copelatus,OTUCode2
Coptotomus,OTUCode2
Corbicula,OTUCode2
Cordulegaster,OTUCode2
Corduliidae,OTUCode2
Coregonus,OTUCode2
Corixidae,OTUCode2
Corophium,OTUCode2
Corydalus,OTUCode2
Coryphaeschna,OTUCode2
Cottus,OTUCode2
Couesius,OTUCode2
Crangonyx,OTUCode2
Crenichthys,OTUCode2
Crenitis,OTUCode2
Cryptochia,OTUCode2
Cryptolabis,OTUCode2
Ctenopharyngodon,OTUCode2
Culaea,OTUCode2
Culicidae,OTUCode2
Culoptila/Protoptila,OTUCode2
Cultus,OTUCode2
Cumberlandia,OTUCode2
Curculionidae,OTUCode2
Cybister,OTUCode2
Cycleptus,OTUCode2
Cyclops,OTUCode2
Cylloepus,OTUCode2
Cymbiodyta,OTUCode2
Cyprinella,OTUCode2
Cyprinodon,OTUCode2
Cyprinus,OTUCode2
Cyzicidae,OTUCode2
Dactylolabis,OTUCode2
Dallia,OTUCode2
Dannella,OTUCode2
Daphnia_ambigua,OTUCode2
Daphnia_catawba_group,OTUCode2
Daphnia_ctenodaphnia_group,OTUCode2
Daphnia_dubia,OTUCode2
Daphnia_galeata_mendotae,OTUCode2
Daphnia_laevis,OTUCode2
Daphnia_longiremis,OTUCode2
Daphnia_lumholtzi,OTUCode2
Daphnia_middendorffiana,OTUCode2
Daphnia_parvula,OTUCode2
Daphnia_pulex_group,OTUCode2
Daphnia_retrocurva,OTUCode2
Daphnia_rosea,OTUCode2
Daphnia_schodleri,OTUCode2
Daphniopsis,OTUCode2
Dasyheleinae,OTUCode2
Deltistes,OTUCode2
Dentatella,OTUCode2
Derallus,OTUCode2
Derovatellus,OTUCode2
Desmona,OTUCode2
Desmopachria,OTUCode2
Deuterophlebiidae,OTUCode2
Diacyclops,OTUCode2
Diamesinae,OTUCode2
Diaphanosoma,OTUCode2
Diaptomus,OTUCode2
Dibusa,OTUCode2
Dicercomyzon,OTUCode2
Dicosmoecus,OTUCode2
Dicranopselaphus,OTUCode2
Dicranota,OTUCode2
Dineutus,OTUCode2
Dionda,OTUCode2
Diphetor,OTUCode2
Diplectrona,OTUCode2
Diploperla,OTUCode2
Diporeia,OTUCode2
Disonycha,OTUCode2
Diura,OTUCode2
Dixa,OTUCode2
Dixella,OTUCode2
Dolichopodidae,OTUCode2
Dolophilodes,OTUCode2
Donacia,OTUCode2
Doroneuria,OTUCode2
Dorosoma,OTUCode2
Dreissena,OTUCode2
Drunella_allegheniensis,OTUCode2
Drunella_coloradensis_flavilinea,OTUCode2
Drunella_cornuta,OTUCode2
Drunella_cornutella,OTUCode2
Drunella_doddsii,OTUCode2
Drunella_grandis,OTUCode2
Drunella_lata,OTUCode2
Drunella_longicornis,OTUCode2
Drunella_pelosa,OTUCode2
Drunella_spinifera,OTUCode2
Drunella_tuberculata,OTUCode2
Drunella_walkeri,OTUCode2
Dryops,OTUCode2
Dubiraphia,OTUCode2
Dysmicohermes,OTUCode2
Dytiscus,OTUCode2
Ecclisocosmoecus,OTUCode2
Ecclisomyia,OTUCode2
Eccoptura,OTUCode2
Ecdyonurus,OTUCode2
Ectocyclops,OTUCode2
Ectopria,OTUCode2
Elassoma,OTUCode2
Elimia,OTUCode2
Elsianus,OTUCode2
Empetrichthys,OTUCode2
Encentrum,OTUCode2
Engraulis,OTUCode2
Enneacanthus,OTUCode2
Enochrus,OTUCode2
Entosphenus,OTUCode2
Eobrachycentrus,OTUCode2
Eocosmoecus,OTUCode2
Eogammarus,OTUCode2
Epeorus,OTUCode2
Ephemera,OTUCode2
Ephemerella,OTUCode2
Ephoron,OTUCode2
Ephydridae,OTUCode2
Epiaeschna,OTUCode2
Epiphanes,OTUCode2
Epiphragma,OTUCode2
Epischura,OTUCode2
Eremichthys,OTUCode2
Eretes,OTUCode2
Ergasilus,OTUCode2
Erimystax,OTUCode2
Erimyzon,OTUCode2
Erioptera,OTUCode2
Erpobdellidae,OTUCode2
Esox,OTUCode2
Etheostoma,OTUCode2
Etrumeus,OTUCode2
Eubosmina,OTUCode2
Eubranchipus,OTUCode2
Eubrianax,OTUCode2
Euchlanis,OTUCode2
Eucorethra,OTUCode2
Eucyclops,OTUCode2
Eurycercus,OTUCode2
Eurylophella,OTUCode2
Eurytemora,OTUCode2
Exoglossum,OTUCode2
Exosphaeroma,OTUCode2
Fallceon,OTUCode2
Farrodes,OTUCode2
Farula,OTUCode2
Fattigia,OTUCode2
Filinia,OTUCode2
Fisherola,OTUCode2
Floridichthys,OTUCode2
Fluminicola,OTUCode2
Fontelicella,OTUCode2
Forcipomyiinae,OTUCode2
Formicidae,OTUCode2
Frenesia,OTUCode2
Frisonia_picticeps,OTUCode2
Fundulus,OTUCode2
Galerucella,OTUCode2
Gambusia,OTUCode2
Gammarocanthus,OTUCode2
Gammarus,OTUCode2
Gasterosteus,OTUCode2
Gastropus,OTUCode2
Gecarcinucidae,OTUCode2
Gelastocoris,OTUCode2
Georyssus,OTUCode2
Gerris,OTUCode2
Gila,OTUCode2
Gillia,OTUCode2
Glossiphoniidae,OTUCode2
Glossosoma,OTUCode2
Glutops,OTUCode2
Glyphopsyche,OTUCode2
Gnorimosphaeroma,OTUCode2
Goereilla,OTUCode2
Goeridae,OTUCode2
Gomphaeschna,OTUCode2
Gomphidae,OTUCode2
Gonielmis,OTUCode2
Gonomyia,OTUCode2
Gonomyodes,OTUCode2
Grammotaulius,OTUCode2
Graphoderus,OTUCode2
Grensia,OTUCode2
Gryllotalpidae,OTUCode2
Guignotus,OTUCode2
Gumaga,OTUCode2
Gymnocephalus,OTUCode2
Gymnochthebius,OTUCode2
Gyretes,OTUCode2
Gyrinus,OTUCode2
Habrophlebia,OTUCode2
Habrophlebiodes,OTUCode2
Haemopidae,OTUCode2
Halesochila,OTUCode2
Haliplus,OTUCode2
Hansonoperla,OTUCode2
Harengula,OTUCode2
Hebrus,OTUCode2
Hedriodiscus_Odontomyia,OTUCode2
Helichus,OTUCode2
Helicopsyche,OTUCode2
Helius,OTUCode2
Helobata,OTUCode2
Helochares,OTUCode2
Helocombus,OTUCode2
Helophorus,OTUCode2
Hemerodromia,OTUCode2
Hemitremia,OTUCode2
Heptagenia,OTUCode2
Hesperagrion,OTUCode2
Hesperoconopa,OTUCode2
Hesperodiaptomus,OTUCode2
Hesperoleucus,OTUCode2
Hesperoperla,OTUCode2
Hesperophylax,OTUCode2
Heterandria,OTUCode2
Heterelmis,OTUCode2
Heterlimnius,OTUCode2
Heteroceridae,OTUCode2
Heterocloeon,OTUCode2
Heteroplectron,OTUCode2
Heterosternuta,OTUCode2
Hexacylloepus,OTUCode2
Hexagenia,OTUCode2
Hexarthra,OTUCode2
Hexatoma,OTUCode2
Hilara,OTUCode2
Himalopsyche,OTUCode2
Hiodon,OTUCode2
Hirudinidae,OTUCode2
Histeridae,OTUCode2
Holopedium,OTUCode2
Holorusia,OTUCode2
Homoleptohyphes,OTUCode2
Homophylax,OTUCode2
Homoplectra,OTUCode2
Huleechius,OTUCode2
Hyalella,OTUCode2
Hybognathus,OTUCode2
Hydaticus,OTUCode2
Hydatophylax,OTUCode2
Hydraena,OTUCode2
Hydrobiomorpha,OTUCode2
Hydrobius,OTUCode2
Hydrocanthus,OTUCode2
Hydrochara,OTUCode2
Hydrochus,OTUCode2
Hydrocolus,OTUCode2
Hydrocoptus,OTUCode2
Hydrometra,OTUCode2
Hydroperla,OTUCode2
Hydrophilus,OTUCode2
Hydroporus,OTUCode2
Hydropsyche,OTUCode2
Hydroptila,OTUCode2
Hydroscapha,OTUCode2
Hydrotrupes,OTUCode2
Hydrovatus,OTUCode2
Hygrotus,OTUCode2
Hypentelium,OTUCode2
Hypoatherina,OTUCode2
Hypomesus,OTUCode2
Hypophthalmichthys,OTUCode2
Ichthyomyzon,OTUCode2
Ictalurus,OTUCode2
Ictiobus,OTUCode2
Ilybiosoma,OTUCode2
Ilybius,OTUCode2
Ilyocryptus,OTUCode2
Io,OTUCode2
Iotichthys,OTUCode2
Ironodes,OTUCode2
Ironoquia,OTUCode2
Isogenoides,OTUCode2
Isogenus,OTUCode2
Isonychia,OTUCode2
Isoperla,OTUCode2
Iswaeon,OTUCode2
Ithytrichia,OTUCode2
Jenkinsia,OTUCode2
Jordanella,OTUCode2
Juga,OTUCode2
Kellicottia,OTUCode2
Keratella,OTUCode2
Kogotus,OTUCode2
Labidesthes,OTUCode2
Labiobaetis,OTUCode2
Laccobius,OTUCode2
Laccophilus,OTUCode2
Laccornis,OTUCode2
Lacinularia,OTUCode2
Lagochila,OTUCode2
Lampetra,OTUCode2
Lanx,OTUCode2
Lara,OTUCode2
Latona,OTUCode2
Lavinia,OTUCode2
Lecane,OTUCode2
Leiodytes,OTUCode2
Lenarchus,OTUCode2
Lepadella,OTUCode2
Lepidomeda,OTUCode2
Lepidoptera,OTUCode2
Lepidostoma,OTUCode2
Lepidurus,OTUCode2
Lepisosteus,OTUCode2
Lepomis,OTUCode2
Leptestheriidae,OTUCode2
Leptocerus,OTUCode2
Leptodiaptomus,OTUCode2
Leptodiaptomus_ashlandi,OTUCode2
Leptodiaptomus_sicilis,OTUCode2
Leptodiaptomus_siciloides,OTUCode2
Leptodoridae,OTUCode2
Leptohyphes,OTUCode2
Leptolucania,OTUCode2
Leptophlebia,OTUCode2
Leptotarsus,OTUCode2
Leptoxis,OTUCode2
Lestes,OTUCode2
Leuciscus,OTUCode2
Leucotrichia,OTUCode2
Leucrocuta,OTUCode2
Leuctridae,OTUCode2
Leuresthes,OTUCode2
Leydigia,OTUCode2
Libellulidae,OTUCode2
Limnadiidae,OTUCode2
Limnebius,OTUCode2
Limnephilus,OTUCode2
Limnias,OTUCode2
Limnichidae,OTUCode2
Limnophila,OTUCode2
Limnoporus,OTUCode2
Limonia,OTUCode2
Linderiella,OTUCode2
Liodessus,OTUCode2
Liogma,OTUCode2
Lioporeus,OTUCode2
Lipsothrix,OTUCode2
Lithasia,OTUCode2
Litobrancha,OTUCode2
Littoridinops,OTUCode2
Lophocharis,OTUCode2
Lota,OTUCode2
Lucania,OTUCode2
Lutrochus,OTUCode2
Luxilus,OTUCode2
Lymnaea,OTUCode2
Lynceidae,OTUCode2
Lype,OTUCode2
Lythrurus,OTUCode2
MacCaffertium,OTUCode2
Macdunnoa,OTUCode2
Macrelmis,OTUCode2
Macrhybopsis,OTUCode2
Macrochaetus,OTUCode2
Macrocyclops,OTUCode2
Macronema,OTUCode2
Macronychus,OTUCode2
Macrostemum,OTUCode2
Macrothricidae,OTUCode2
Macrovelia,OTUCode2
Malenka,OTUCode2
Malirekus,OTUCode2
Mallotus,OTUCode2
Manophylax,OTUCode2
Margariscus,OTUCode2
Margaritifera,OTUCode2
Marilia,OTUCode2
Marisa,OTUCode2
Maruina,OTUCode2
Matriella,OTUCode2
Matrioptila,OTUCode2
Matus,OTUCode2
Mayatrichia,OTUCode2
Meda,OTUCode2
Megarcys,OTUCode2
Megaselia,OTUCode2
Megistocera,OTUCode2
Melanoides,OTUCode2
Melyridae,OTUCode2
Membras,OTUCode2
Menidia,OTUCode2
Meringodixa,OTUCode2
Merragata,OTUCode2
Mesocyclops,OTUCode2
Mesovelia,OTUCode2
Methles,OTUCode2
Metrichia,OTUCode2
Metrobates,OTUCode2
Micrasema,OTUCode2
Microcyclops,OTUCode2
Microcylloepus,OTUCode2
Micropterus,OTUCode2
Minytrema,OTUCode2
Moapa,OTUCode2
Mochlonyx,OTUCode2
Moina,OTUCode2
Molanna,OTUCode2
Molannodes,OTUCode2
Molophilus,OTUCode2
Monommata,OTUCode2
Monoporeia,OTUCode2
Monostyla,OTUCode2
Morone,OTUCode2
Moselyana,OTUCode2
Moxostoma,OTUCode2
Mugil,OTUCode2
Muscidae,OTUCode2
Mylocheilus,OTUCode2
Mylopharodon,OTUCode2
Myoxocephalus,OTUCode2
Mysis,OTUCode2
Mystacides,OTUCode2
Mytilina,OTUCode2
Myxosargus,OTUCode2
Namamyia_plutonis,OTUCode2
Nanonemoura,OTUCode2
Narpus,OTUCode2
Nasiaeschna,OTUCode2
Naucoridae,OTUCode2
Nebrioporus,OTUCode2
Nectopsyche,OTUCode2
Nemata,OTUCode2
Nematomorpha,OTUCode2
Nemertea,OTUCode2
Nemotaulius,OTUCode2
Nemotelus,OTUCode2
Nemoura,OTUCode2
Neobidessus,OTUCode2
Neochoroterpes,OTUCode2
Neoclypeodytes,OTUCode2
Neocrangon,OTUCode2
Neocylloepus,OTUCode2
Neoelmis,OTUCode2
Neoephemera,OTUCode2
Neogerris,OTUCode2
Neohermes,OTUCode2
Neoheterocerus,OTUCode2
Neomysis,OTUCode2
Neoperla,OTUCode2
Neophylax,OTUCode2
Neoporus,OTUCode2
Neoscutopterus,OTUCode2
Neothremma,OTUCode2
Neotrichia,OTUCode2
Nephrotoma,OTUCode2
Nepidae,OTUCode2
Nerophilus,OTUCode2
Nigronia,OTUCode2
Nixe,OTUCode2
Nocomis,OTUCode2
Notemigonus,OTUCode2
Notholca,OTUCode2
Nothotrichia,OTUCode2
Notomicrus,OTUCode2
Notommata,OTUCode2
Notonectidae,OTUCode2
Notropis,OTUCode2
Noturus,OTUCode2
Novumbra,OTUCode2
Nymphomyiidae,OTUCode2
Ochrotrichia,OTUCode2
Ochteridae,OTUCode2
Ochthebius,OTUCode2
Oecetis,OTUCode2
Oedicerotidae,OTUCode2
Oligoneuridae,OTUCode2
Oligophlebodes,OTUCode2
Oncorhynchus,OTUCode2
Onocosmoecus,OTUCode2
Onychodiaptomus,OTUCode2
Opisthonema,OTUCode2
Oplonaeschna,OTUCode2
Opsopoeodus,OTUCode2
Optioservus,OTUCode2
Orchestia,OTUCode2
Ordobrevia,OTUCode2
Orectogyrus,OTUCode2
Oregonichthys,OTUCode2
Oreodytes,OTUCode2
Oreogeton,OTUCode2
Oreohelix,OTUCode2
Oreoleptis,OTUCode2
Oreothalia,OTUCode2
Orimarga,OTUCode2
Ormosia,OTUCode2
Orohermes,OTUCode2
Oroperla,OTUCode2
Oropsyche,OTUCode2
Orthocladiinae,OTUCode2
Orthocyclops,OTUCode2
Orthodon,OTUCode2
Orthotrichia,OTUCode2
Osmerus,OTUCode2
Osobenus_yakimae,OTUCode2
Ostracoda,OTUCode2
Ostrocerca,OTUCode2
Other_Coenagrionidae,OTUCode2
Other_Hydrobiidae,OTUCode2
Other_Lymnaeidae,OTUCode2
Other_Oligochaeta,OTUCode2
Other_Polycentropodidae,OTUCode2
Oulimnius,OTUCode2
Oxycera,OTUCode2
Oxyethira,OTUCode2
Oxyurella,OTUCode2
Pachydrus,OTUCode2
Paduniella,OTUCode2
Palaeagapetus,OTUCode2
Palaemonias,OTUCode2
Palaemonidae,OTUCode2
Paracloeodes,OTUCode2
Paracyclops,OTUCode2
Paracymus,OTUCode2
Paradelphomyia,OTUCode2
Paragnetina,OTUCode2
Paraleptophlebia,OTUCode2
Paranemoura,OTUCode2
Parapsyche,OTUCode2
Parthina,OTUCode2
Paucicalcaria,OTUCode2
Pedicia,OTUCode2
Pedomoecus,OTUCode2
Pelonomus,OTUCode2
Peltodytes,OTUCode2
Peltoperla,OTUCode2
Pentagenia,OTUCode2
Perca,OTUCode2
Percina,OTUCode2
Percopsis,OTUCode2
Pericoma_Telmatoscopus,OTUCode2
Perlesta,OTUCode2
Perlinella,OTUCode2
Perlinodes,OTUCode2
Petromyzon,OTUCode2
Phaenonotum,OTUCode2
Phanocerus,OTUCode2
Phenacobius,OTUCode2
Philarctus,OTUCode2
Philocasca,OTUCode2
Phoridae,OTUCode2
Phoxinus,OTUCode2
Phryganeidae,OTUCode2
Phyllodromia,OTUCode2
Phylloicus,OTUCode2
Phylocentropus,OTUCode2
Physa_Physella,OTUCode2
Pictetiella,OTUCode2
Pilaria,OTUCode2
Pimephales,OTUCode2
Piscicolidae,OTUCode2
Pisidiidae,OTUCode2
Plagopterus,OTUCode2
Planorbidae,OTUCode2
Platambus,OTUCode2
Platycentropus,OTUCode2
Platygobio,OTUCode2
Platyias,OTUCode2
Plauditus,OTUCode2
Pleidae,OTUCode2
Pleurocera,OTUCode2
Ploesoma,OTUCode2
Podmosta,OTUCode2
Podonominae,OTUCode2
Poecilia,OTUCode2
Poeciliopsis,OTUCode2
Pogonichthys,OTUCode2
Polyartemiella,OTUCode2
Polyarthra,OTUCode2
Polycentropus,OTUCode2
Polychaeta,OTUCode2
Polygyridae,OTUCode2
Polymera,OTUCode2
Polyodon,OTUCode2
Polyphemidae,OTUCode2
Polyplectropus,OTUCode2
Polyprion,OTUCode2
Pomacea,OTUCode2
Pomatiopsidae,OTUCode2
Pomoxis,OTUCode2
Pompholyx,OTUCode2
Porifera,OTUCode2
Portunidae,OTUCode2
Postelichus,OTUCode2
Potamopyrgus_antipodarum,OTUCode2
Potamyia,OTUCode2
Povilla,OTUCode2
Prionocera,OTUCode2
Proales,OTUCode2
Procloeon,OTUCode2
Prodiamesinae,OTUCode2
Promoresia,OTUCode2
Pronoterus,OTUCode2
Prosopium,OTUCode2
Prostoia,OTUCode2
Protochauliodes,OTUCode2
Protoneuridae,OTUCode2
Psephenus,OTUCode2
Pseudhydrovatus,OTUCode2
Pseudiron,OTUCode2
Pseudocentroptiloides,OTUCode2
Pseudocloeon,OTUCode2
Pseudogoera,OTUCode2
Pseudolimnophila,OTUCode2
Pseudostenophylax,OTUCode2
Psilotreta,OTUCode2
Psuedocloeon,OTUCode2
Psychoda,OTUCode2
Psychoglypha,OTUCode2
Psychomyia,OTUCode2
Psychoronia,OTUCode2
Pteronarcella,OTUCode2
Pteronarcys,OTUCode2
Ptiliidae,OTUCode2
Ptychocheilus,OTUCode2
Ptychopteridae,OTUCode2
Ptygura,OTUCode2
Pungitius,OTUCode2
Pupillidae,OTUCode2
Pycnopsyche,OTUCode2
Pylodictis,OTUCode2
Pyrgophorus,OTUCode2
Pyrrhalta,OTUCode2
Radix,OTUCode2
Ramellogammarus,OTUCode2
Rana,OTUCode2
Raptoheptogenia,OTUCode2
Relictus,OTUCode2
Remenus,OTUCode2
Resticula,OTUCode2
Rhabdomastix,OTUCode2
Rhamphomyia,OTUCode2
Rhantus,OTUCode2
Rheumatobates,OTUCode2
Rhinchthys,OTUCode2
Rhinichthys,OTUCode2
Rhithrogena,OTUCode2
Rhizelmis,OTUCode2
Rhodeus,OTUCode2
Rhyacophila_alberta_group,OTUCode2
Rhyacophila_angelita_group,OTUCode2
Rhyacophila_betteni_group,OTUCode2
Rhyacophila_brunnea_vemna_groups,OTUCode2
Rhyacophila_carolina_group,OTUCode2
Rhyacophila_coloradensis_group,OTUCode2
Rhyacophila_ecosa_group,OTUCode2
Rhyacophila_formosa,OTUCode2
Rhyacophila_fuscula,OTUCode2
Rhyacophila_glaberrima,OTUCode2
Rhyacophila_hyalinata_group,OTUCode2
Rhyacophila_invaria_group,OTUCode2
Rhyacophila_iranda_group,OTUCode2
Rhyacophila_kernada,OTUCode2
Rhyacophila_lobifera,OTUCode2
Rhyacophila_mainensis,OTUCode2
Rhyacophila_nevadensis_group,OTUCode2
Rhyacophila_oreta_group,OTUCode2
Rhyacophila_rayneri,OTUCode2
Rhyacophila_sibirica_group,OTUCode2
Rhyacophila_torva,OTUCode2
Rhyacophila_verrula_group,OTUCode2
Rhyacophila_vibox,OTUCode2
Rhyacophila_vofixa_group,OTUCode2
Rhyacophila_vuzana,OTUCode2
Rhyacophilla_grandis_group,OTUCode2
Rhyacophilla_lieftinki_group,OTUCode2
Rhyacophilla_rotunda_group,OTUCode2
Rhyacophilla_vagrita_group,OTUCode2
Rhycophila_viquaea,OTUCode2
Richardsonius,OTUCode2
Rickera,OTUCode2
Roderiodes,OTUCode2
Roederiodes,OTUCode2
Rossiana,OTUCode2
Saldidae,OTUCode2
Salmo,OTUCode2
Salmoperla,OTUCode2
Salvelinus,OTUCode2
Sanfilippodytes,OTUCode2
Sarcophagidae,OTUCode2
Sardinella,OTUCode2
Sardinops,OTUCode2
Satan,OTUCode2
Scaphirhynchus,OTUCode2
Scapholeberis,OTUCode2
Scardinius,OTUCode2
Scathophagidae,OTUCode2
Scatopsidae,OTUCode2
Sciaenidae,OTUCode2
Sciaridae,OTUCode2
Sciomyzidae,OTUCode2
Scirtidae,OTUCode2
Semotilus,OTUCode2
Sericostriata,OTUCode2
Serratella,OTUCode2
Setodes,OTUCode2
Setvena,OTUCode2
Shipsa,OTUCode2
Sialis,OTUCode2
Sida,OTUCode2
Sierraperla_cora,OTUCode2
Simocephalus,OTUCode2
Simuliidae,OTUCode2
Sinantherina,OTUCode2
Siphlonuridae,OTUCode2
Siphloplecton,OTUCode2
Sisyra,OTUCode2
Skistodiaptomus,OTUCode2
Skistodiaptomus_oregonensis,OTUCode2
Skistodiaptomus_reighardi,OTUCode2
Skwala,OTUCode2
Smicridea,OTUCode2
Soliperla,OTUCode2
Somatogyrus,OTUCode2
Soyedina,OTUCode2
Spea,OTUCode2
Spercheidae,OTUCode2
Sperchopsis,OTUCode2
Sphaeroceridae,OTUCode2
Sphaeroma,OTUCode2
Spirinchus,OTUCode2
Stactobiella,OTUCode2
Staphylinidae,OTUCode2
Stenacron,OTUCode2
Stenelmis,OTUCode2
Stenocolus,OTUCode2
Stenodus,OTUCode2
Stenonema,OTUCode2
Stenophysa,OTUCode2
Stereolepis,OTUCode2
Stictotarsus,OTUCode2
Stizostedion,OTUCode2
Stratiomys,OTUCode2
Streptocephalidae,OTUCode2
Stygobromus,OTUCode2
Stygonectes,OTUCode2
Suphis,OTUCode2
Suphisellus,OTUCode2
Susulus,OTUCode2
Symphitopsyche,OTUCode2
Synagrops,OTUCode2
Syncaris,OTUCode2
Synchaeta,OTUCode2
Synurella,OTUCode2
Syrphidae,OTUCode2
Tabanidae,OTUCode2
Taeniopterygidae,OTUCode2
Tallaperla,OTUCode2
Tanaidae,OTUCode2
Tanyderidae,OTUCode2
Tanypodinae,OTUCode2
Taphromysis,OTUCode2
Taylorconcha,OTUCode2
Telebasis,OTUCode2
Telmatogetoninae,OTUCode2
Testudinella,OTUCode2
Tetragoneuria,OTUCode2
Tetrigidae,OTUCode2
Thaleichthys,OTUCode2
Thamnocephalidae,OTUCode2
Thaumaleidae,OTUCode2
Theliopsyche,OTUCode2
Thermonectus,OTUCode2
Thiaridae,OTUCode2
Thraulodes,OTUCode2
Thymallus,OTUCode2
Thysanoptera,OTUCode2
Tilapia,OTUCode2
Timpanoga,OTUCode2
Timpanoga_hecuba,OTUCode2
Tinca,OTUCode2
Tinodes,OTUCode2
Tipula,OTUCode2
Tortopus,OTUCode2
Traverella,OTUCode2
Trepobates,OTUCode2
Triaenodes,OTUCode2
Trichocerca,OTUCode2
Trichocercidae,OTUCode2
Trichoclinocera,OTUCode2
Trichosetodes,OTUCode2
Trichotria,OTUCode2
Tricoryhyphes,OTUCode2
Tricorythidae,OTUCode2
Tricorythodes,OTUCode2
Tridactylidae,OTUCode2
Trinectes,OTUCode2
Triops,OTUCode2
Trogloglanis,OTUCode2
Tropisternus,OTUCode2
Tropocyclops,OTUCode2
Turbellaria,OTUCode2
Tylotrocha,OTUCode2
Ulomorpha,OTUCode2
Umbra,OTUCode2
Unionidae,OTUCode2
Uvarus,OTUCode2
Vacupernius,OTUCode2
Valvata,OTUCode2
Veliidae,OTUCode2
Viehoperla,OTUCode2
Visoka,OTUCode2
Viviparus,OTUCode2
Wiedemannia,OTUCode2
Wierzejskiella,OTUCode2
Wolga,OTUCode2
Wormaldia,OTUCode2
Xiphophorus,OTUCode2
Xyrauchen,OTUCode2
Ylodes,OTUCode2
Yola,OTUCode2
Yolina,OTUCode2
Yoraperla,OTUCode2
Yugus,OTUCode2
Zaitzevia,OTUCode2
Zapada,OTUCode2
Zonitidae,OTUCode2
Zumatrichia,OTUCode2
